lookback_bars,z_entry,z_exit,confirm_bars,stop_multiple,momentum_threshold,min_hold_bars,skip_first_minutes,z_spread_threshold,exit_tighten_bars,exit_tighten_rate,volume_spike_multiple,per_leg_exit,time_weight_enabled,profit_factor,win_rate,sharpe,sortino,calmar,net_pnl,max_dd_pct,max_dd_dollars,total_trades,avg_winner,avg_loser,expectancy,avg_hold_bars,best_day,worst_day
60,2.0,0.5,2,4.0,0.75,3,0,2.0,25,0.02,1.5,True,True,1.2485682270916336,0.5082547169811321,1.927368334927312,3.3604804405290825,3.2569331158238195,19965.000000000015,0.061083154800458374,6130.0,848,232.67981438515085,-192.61390887290167,23.543632075471717,10.57311320754717,3470.0,-3040.0
60,2.0,0.5,2,4.0,0.75,3,0,2.0,15,0.02,1.0,False,True,1.1673482332125982,0.49915540540540543,1.9805706175309916,4.665280465078765,4.068993506493497,25064.99999999994,0.06077647871343298,6160.0,1184,295.84179357022003,-252.57588532883656,21.169763513513466,12.399493243243244,10680.0,-2960.0
60,2.0,0.5,2,4.0,0.75,3,0,2.0,25,0.04,1.3,True,False,1.2879901421467232,0.495253164556962,2.327966518680141,6.793797392965637,5.124510571652306,32719.99999999997,0.06348811772894501,6385.0,1264,233.76198083067092,-178.0799373040753,25.88607594936706,8.58623417721519,10085.0,-1985.0
60,2.0,0.5,2,4.0,0.75,3,0,2.0,25,0.02,1.3,True,True,1.3195741740665858,0.4969387755102041,2.089850921005833,6.14266360030327,4.889584964761155,31219.99999999997,0.06359878480003985,6385.0,980,264.7073921971252,-198.159229208925,31.85714285714282,9.743877551020407,10085.0,-1985.0
60,2.0,0.5,2,4.0,0.75,3,0,2.0,40,0.01,1.0,False,False,1.1048518484178176,0.4883004926108374,1.788892081490009,3.935527495027532,3.131329113924039,19789.999999999927,0.05729568015955759,6320.0,1624,262.96658259773005,-227.1269554753309,12.185960591132963,11.21243842364532,10680.0,-3290.0
60,2.0,0.5,2,4.0,0.75,3,0,2.0,15,0.01,1.5,False,True,1.267501322518073,0.5257009345794392,2.4227967070194008,4.302769710957618,3.950520833333316,26547.499999999884,0.06665013637490702,6720.0,856,279.53333333333336,-244.43965517241412,31.01343457943912,13.725467289719626,3870.0,-3425.0
60,2.0,0.5,2,4.0,0.75,3,0,2.0,25,0.01,1.3,False,True,1.2408391552715892,0.5102040816326531,2.293814496694955,5.957390590711706,4.6360153256704715,30249.999999999825,0.059036417100203575,6525.0,980,311.7049999999999,-261.6718750000003,30.86734693877533,13.274489795918367,10680.0,-3425.0
60,2.0,0.5,2,4.0,0.75,3,0,2.0,15,0.04,1.0,True,False,1.2013532801184126,0.492014742014742,1.9455776917696201,4.902804630844526,3.6092861655085393,28567.500000000087,0.07870140200855126,7915.0,1628,212.7902621722847,-171.55683192261182,17.547604422604476,7.656633906633907,10085.0,-2875.0
60,2.0,0.5,2,4.0,0.75,3,0,2.0,25,0.02,1.5,False,False,1.1819661995053583,0.5119485294117647,2.378539311558203,4.128350912320884,3.367276887871845,22072.49999999994,0.06501363749070171,6555.0,1088,257.4012567324955,-228.43691148775895,20.287224264705834,12.342830882352942,3590.0,-3755.0
60,2.0,0.5,2,4.0,0.75,3,0,2.0,15,0.04,1.5,False,False,1.1933362837453367,0.5110294117647058,2.3591895909602383,4.052938427176286,3.4988558352402634,22934.999999999927,0.06501363749070171,6555.0,1088,254.6088129496402,-222.98402255639098,21.079963235294056,12.199448529411764,3590.0,-3755.0
60,2.0,0.5,2,4.0,0.75,3,0,2.0,25,0.02,1.3,False,False,1.154666011787818,0.4960691823899371,2.1231947628829215,5.17053895617831,3.9894425675675356,23617.49999999981,0.05324459234608985,5920.0,1272,279.42551505546726,-238.2215288611545,18.567216981131928,12.007075471698114,10680.0,-3755.0
60,2.0,0.5,2,4.0,0.75,3,0,2.0,25,0.01,1.3,False,False,1.154666011787818,0.4960691823899371,2.1231947628829215,5.17053895617831,3.9894425675675356,23617.49999999981,0.05324459234608985,5920.0,1272,279.42551505546726,-238.2215288611545,18.567216981131928,12.007075471698114,10680.0,-3755.0
60,2.0,0.5,2,4.0,0.75,3,0,2.0,15,0.01,1.3,True,False,1.2879901421467232,0.495253164556962,2.327966518680141,6.793797392965637,5.124510571652306,32719.99999999997,0.06348811772894501,6385.0,1264,233.76198083067092,-178.0799373040753,25.88607594936706,8.58623417721519,10085.0,-1985.0
60,2.0,0.5,2,4.0,0.75,3,0,2.0,15,0.04,1.5,True,False,1.1995620399440683,0.499063670411985,2.0446783797603962,3.596678614398655,3.084828711256127,18910.00000000006,0.061083154800458374,6130.0,1068,213.25984990619148,-177.11682242990653,17.705992509363348,9.308988764044944,3470.0,-3040.0
60,2.0,0.5,2,4.0,0.75,3,0,2.0,15,0.04,1.0,False,False,1.1005341293958577,0.4870689655172414,1.6733734363408268,3.65703534475398,3.047889610389594,18774.999999999898,0.060534591194968554,6160.0,1624,259.8324905183311,-224.1926770708283,11.560960591132941,11.044950738916256,10680.0,-3290.0
60,2.0,0.5,2,4.0,0.75,3,0,2.0,15,0.02,1.3,False,False,1.1627899276525988,0.49528301886792453,2.144726494688893,5.267080539137632,4.220171673819713,24582.499999999825,0.052390160543238744,5825.0,1272,278.7142857142855,-235.2141744548287,19.32586477987408,11.922169811320755,10680.0,-3755.0
60,2.0,0.5,2,4.0,0.75,3,0,2.0,40,0.01,1.3,True,False,1.2879901421467232,0.495253164556962,2.327966518680141,6.793797392965637,5.124510571652306,32719.99999999997,0.06348811772894501,6385.0,1264,233.76198083067092,-178.0799373040753,25.88607594936706,8.58623417721519,10085.0,-1985.0
60,2.0,0.5,2,4.0,0.75,3,0,2.0,15,0.01,1.5,True,True,1.2485682270916336,0.5082547169811321,1.927368334927312,3.3604804405290825,3.2569331158238195,19965.000000000015,0.061083154800458374,6130.0,848,232.67981438515085,-192.61390887290167,23.543632075471717,10.57311320754717,3470.0,-3040.0
60,2.0,0.5,2,4.0,0.75,3,0,2.0,15,0.02,1.5,True,True,1.2485682270916336,0.5082547169811321,1.927368334927312,3.3604804405290825,3.2569331158238195,19965.000000000015,0.061083154800458374,6130.0,848,232.67981438515085,-192.61390887290167,23.543632075471717,10.57311320754717,3470.0,-3040.0
60,2.0,0.5,2,4.0,0.75,3,0,2.0,15,0.02,1.3,True,True,1.3195741740665858,0.4969387755102041,2.089850921005833,6.14266360030327,4.889584964761155,31219.99999999997,0.06359878480003985,6385.0,980,264.7073921971252,-198.159229208925,31.85714285714282,9.743877551020407,10085.0,-1985.0
60,2.0,0.5,2,4.0,0.75,3,0,2.0,15,0.01,1.3,False,True,1.2361766051851393,0.5081632653061224,2.248094928774655,5.821066437963986,4.547892720306485,29674.99999999981,0.059036417100203575,6525.0,980,311.89257028112445,-260.67946058091314,30.280612244897767,13.229591836734693,10680.0,-3425.0
60,2.0,0.5,2,4.0,0.75,3,0,2.0,40,0.01,1.3,True,True,1.3195741740665858,0.4969387755102041,2.089850921005833,6.14266360030327,4.889584964761155,31219.99999999997,0.06359878480003985,6385.0,980,264.7073921971252,-198.159229208925,31.85714285714282,9.743877551020407,10085.0,-1985.0
60,2.0,0.5,2,4.0,0.75,3,0,2.0,25,0.02,1.3,False,True,1.2408391552715892,0.5102040816326531,2.293814496694955,5.957390590711706,4.6360153256704715,30249.999999999825,0.059036417100203575,6525.0,980,311.7049999999999,-261.6718750000003,30.86734693877533,13.274489795918367,10680.0,-3425.0
60,2.0,0.5,2,4.0,0.75,3,0,2.0,15,0.01,1.5,False,False,1.1890781709376752,0.5101102941176471,2.403648074877895,4.187454576480641,3.458428680396633,22669.999999999927,0.06501363749070171,6555.0,1088,256.8783783783783,-224.94840525328334,20.836397058823465,12.254595588235293,3590.0,-3755.0
60,2.0,0.5,2,4.0,0.75,3,0,2.0,15,0.02,1.3,False,True,1.2372702471274653,0.5081632653061224,2.2475233197904423,5.8380133856561685,4.632581648522524,29787.499999999825,0.058176883058131644,6430.0,980,311.9076305220883,-260.4616182572617,30.395408163265135,13.221428571428572,10680.0,-3425.0
60,2.0,0.5,2,4.0,0.75,3,0,2.0,25,0.02,1.0,False,True,1.1703678985567694,0.5008445945945946,2.0278624600616073,4.775944078865375,4.127324171382365,25527.499999999927,0.05640932099046924,6185.0,1184,295.7251264755481,-253.53214890016935,21.560388513513455,12.443412162162161,10680.0,-2960.0
60,2.0,0.5,2,4.0,0.75,3,0,2.0,25,0.01,1.5,False,False,1.1819661995053583,0.5119485294117647,2.378539311558203,4.128350912320884,3.367276887871845,22072.49999999994,0.06501363749070171,6555.0,1088,257.4012567324955,-228.43691148775895,20.287224264705834,12.342830882352942,3590.0,-3755.0
60,2.0,0.5,2,4.0,0.75,3,0,2.0,15,0.02,1.5,True,False,1.1995620399440683,0.499063670411985,2.0446783797603962,3.596678614398655,3.084828711256127,18910.00000000006,0.061083154800458374,6130.0,1068,213.25984990619148,-177.11682242990653,17.705992509363348,9.308988764044944,3470.0,-3040.0
60,2.0,0.5,2,4.0,0.75,3,0,2.0,15,0.01,1.0,False,True,1.1664804096542285,0.49915540540540543,1.9813331045453735,4.6562167004993205,4.034357316087294,24952.499999999913,0.05640932099046924,6185.0,1184,295.82910321489004,-252.75295109612162,21.074746621621554,12.40625,10680.0,-2960.0
60,2.0,0.5,2,4.0,0.75,3,0,2.0,25,0.01,1.5,False,True,1.2734191889916566,0.5280373831775701,2.4846224556433394,4.425782393806624,4.036086309523794,27122.499999999898,0.06665013637490702,6720.0,856,279.4690265486726,-245.53836633663394,31.68516355140175,13.776869158878505,3870.0,-3425.0
60,2.0,0.5,2,4.0,0.75,3,0,2.0,15,0.01,1.3,True,True,1.3195741740665858,0.4969387755102041,2.089850921005833,6.14266360030327,4.889584964761155,31219.99999999997,0.06359878480003985,6385.0,980,264.7073921971252,-198.159229208925,31.85714285714282,9.743877551020407,10085.0,-1985.0
60,2.0,0.5,2,4.0,0.75,3,0,2.0,15,0.02,1.0,True,True,1.2359569818758311,0.4949664429530201,1.766493787257984,4.5439064344456295,3.4788376500315983,27535.000000000102,0.0788385875790627,7915.0,1192,244.4576271186442,-193.84551495016606,23.099832214765183,8.791107382550335,10085.0,-2875.0
60,2.0,0.5,2,4.0,0.75,3,0,2.0,15,0.01,1.5,True,False,1.1995620399440683,0.499063670411985,2.0446783797603962,3.596678614398655,3.084828711256127,18910.00000000006,0.061083154800458374,6130.0,1068,213.25984990619148,-177.11682242990653,17.705992509363348,9.308988764044944,3470.0,-3040.0
60,2.0,0.5,2,4.0,0.75,3,0,2.0,25,0.02,1.5,True,False,1.1995620399440683,0.499063670411985,2.0446783797603962,3.596678614398655,3.084828711256127,18910.00000000006,0.061083154800458374,6130.0,1068,213.25984990619148,-177.11682242990653,17.705992509363348,9.308988764044944,3470.0,-3040.0
60,2.0,0.5,2,4.0,0.75,3,0,2.0,15,0.04,1.5,False,True,1.270361126674475,0.5257009345794392,2.337848997757237,4.1358369057455535,3.9494047619047423,26539.99999999987,0.06665013637490702,6720.0,856,277.1222222222222,-241.78571428571456,31.00467289719611,13.655373831775702,3870.0,-3425.0
60,2.0,0.5,2,4.0,0.75,3,0,2.0,40,0.01,1.3,False,False,1.1561353511530383,0.4960691823899371,2.134788966484041,5.207021188204056,4.025760135135103,23832.49999999981,0.05324459234608985,5920.0,1272,279.6711568938191,-238.12792511700476,18.73624213836463,12.038522012578616,10680.0,-3755.0
60,2.0,0.5,2,4.0,0.75,3,0,2.0,15,0.04,1.0,True,True,1.2359569818758311,0.4949664429530201,1.766493787257984,4.5439064344456295,3.4788376500315983,27535.000000000102,0.0788385875790627,7915.0,1192,244.4576271186442,-193.84551495016606,23.099832214765183,8.791107382550335,10085.0,-2875.0
60,2.0,0.5,2,4.0,0.75,3,0,2.0,25,0.02,1.0,True,True,1.2359569818758311,0.4949664429530201,1.766493787257984,4.5439064344456295,3.4788376500315983,27535.000000000102,0.0788385875790627,7915.0,1192,244.4576271186442,-193.84551495016606,23.099832214765183,8.791107382550335,10085.0,-2875.0
60,2.0,0.5,2,4.0,0.75,3,0,2.0,40,0.01,1.0,True,True,1.2359569818758311,0.4949664429530201,1.766493787257984,4.5439064344456295,3.4788376500315983,27535.000000000102,0.0788385875790627,7915.0,1192,244.4576271186442,-193.84551495016606,23.099832214765183,8.791107382550335,10085.0,-2875.0
60,2.0,0.5,2,4.0,0.75,3,0,2.0,15,0.02,1.0,False,False,1.1101975882997779,0.4883004926108374,1.792206610830571,3.9635169532821033,3.3104417670682635,20607.49999999994,0.0564344318027288,6225.0,1624,261.80643127364425,-225.03610108303246,12.689347290640358,11.113916256157635,10680.0,-3290.0
60,2.0,0.5,2,4.0,0.75,3,0,2.0,15,0.01,1.3,False,False,1.1600489102595866,0.4944968553459119,2.1353339642912372,5.229825391360546,4.090371621621587,24214.999999999796,0.05324459234608985,5920.0,1272,279.0341812400634,-235.29937791601876,19.03694968553443,11.931603773584905,10680.0,-3755.0
60,2.0,0.5,2,4.0,0.75,3,0,2.0,25,0.04,1.5,False,True,1.2738620602698258,0.5280373831775701,2.446656478216301,4.353579297351772,4.040178571428556,27149.999999999898,0.06665013637490702,6720.0,856,279.3971238938054,-245.38985148514885,31.71728971962605,13.76285046728972,3870.0,-3425.0
60,2.0,0.5,2,4.0,0.75,3,0,2.0,15,0.02,1.0,True,False,1.2013532801184126,0.492014742014742,1.9455776917696201,4.902804630844526,3.6092861655085393,28567.500000000087,0.07870140200855126,7915.0,1628,212.7902621722847,-171.55683192261182,17.547604422604476,7.656633906633907,10085.0,-2875.0
60,2.0,0.5,2,4.0,0.75,3,0,2.0,25,0.01,1.5,True,False,1.1995620399440683,0.499063670411985,2.0446783797603962,3.596678614398655,3.084828711256127,18910.00000000006,0.061083154800458374,6130.0,1068,213.25984990619148,-177.11682242990653,17.705992509363348,9.308988764044944,3470.0,-3040.0
60,2.0,0.5,2,4.0,0.75,3,0,2.0,25,0.01,1.3,True,False,1.2879901421467232,0.495253164556962,2.327966518680141,6.793797392965637,5.124510571652306,32719.99999999997,0.06348811772894501,6385.0,1264,233.76198083067092,-178.0799373040753,25.88607594936706,8.58623417721519,10085.0,-1985.0
60,2.0,0.5,2,4.0,0.75,3,0,2.0,15,0.02,1.5,False,False,1.190999979127966,0.5110294117647058,2.4063076668220598,4.191656697815824,3.4900839054157067,22877.499999999956,0.06501363749070171,6555.0,1088,256.57374100719414,-225.14567669172934,21.027113970588196,12.247242647058824,3590.0,-3755.0
60,2.0,0.5,2,4.0,0.75,3,0,2.0,25,0.01,1.5,True,True,1.2485682270916336,0.5082547169811321,1.927368334927312,3.3604804405290825,3.2569331158238195,19965.000000000015,0.061083154800458374,6130.0,848,232.67981438515085,-192.61390887290167,23.543632075471717,10.57311320754717,3470.0,-3040.0
60,2.0,0.5,2,4.0,0.75,3,0,2.0,15,0.04,1.5,True,True,1.2485682270916336,0.5082547169811321,1.927368334927312,3.3604804405290825,3.2569331158238195,19965.000000000015,0.061083154800458374,6130.0,848,232.67981438515085,-192.61390887290167,23.543632075471717,10.57311320754717,3470.0,-3040.0
60,2.0,0.5,2,4.0,0.75,3,0,2.0,25,0.04,1.5,True,True,1.2485682270916336,0.5082547169811321,1.927368334927312,3.3604804405290825,3.2569331158238195,19965.000000000015,0.061083154800458374,6130.0,848,232.67981438515085,-192.61390887290167,23.543632075471717,10.57311320754717,3470.0,-3040.0
60,2.0,0.5,2,4.0,0.75,3,0,2.0,40,0.01,1.0,True,False,1.2013532801184126,0.492014742014742,1.9455776917696201,4.902804630844526,3.6092861655085393,28567.500000000087,0.07870140200855126,7915.0,1628,212.7902621722847,-171.55683192261182,17.547604422604476,7.656633906633907,10085.0,-2875.0
60,2.0,0.5,2,4.0,0.75,3,0,2.0,15,0.04,1.3,True,False,1.2879901421467232,0.495253164556962,2.327966518680141,6.793797392965637,5.124510571652306,32719.99999999997,0.06348811772894501,6385.0,1264,233.76198083067092,-178.0799373040753,25.88607594936706,8.58623417721519,10085.0,-1985.0
60,2.0,0.5,2,4.0,0.75,3,0,2.0,25,0.04,1.0,False,False,1.106001062134891,0.4883004926108374,1.7689831336851118,3.9012741076706257,3.2064257028112357,19959.99999999994,0.0564344318027288,6225.0,1624,262.62295081967204,-226.59446450060165,12.290640394088637,11.175492610837438,10680.0,-3290.0
60,2.0,0.5,2,4.0,0.75,3,0,2.0,25,0.04,1.3,False,True,1.2427765259526593,0.5102040816326531,2.2748958422581986,5.9247186140659736,4.733670295489864,30437.499999999825,0.058176883058131644,6430.0,980,311.61999999999995,-261.19270833333366,31.058673469387585,13.258163265306122,10680.0,-3425.0
60,2.0,0.5,2,4.0,0.75,3,0,2.0,25,0.04,1.3,True,True,1.3195741740665858,0.4969387755102041,2.089850921005833,6.14266360030327,4.889584964761155,31219.99999999997,0.06359878480003985,6385.0,980,264.7073921971252,-198.159229208925,31.85714285714282,9.743877551020407,10085.0,-1985.0
60,2.0,0.5,2,4.0,0.75,3,0,2.0,25,0.04,1.5,False,False,1.184326368652737,0.5119485294117647,2.3587383928811554,4.098370562616641,3.4016018306636067,22297.49999999994,0.06501363749070171,6555.0,1088,257.2082585278276,-227.81073446327687,20.49402573529407,12.328125,3590.0,-3755.0
60,2.0,0.5,2,4.0,0.75,3,0,2.0,25,0.02,1.0,True,False,1.2013532801184126,0.492014742014742,1.9455776917696201,4.902804630844526,3.6092861655085393,28567.500000000087,0.07870140200855126,7915.0,1628,212.7902621722847,-171.55683192261182,17.547604422604476,7.656633906633907,10085.0,-2875.0
60,2.0,0.5,2,4.0,0.75,3,0,2.0,25,0.01,1.3,True,True,1.3195741740665858,0.4969387755102041,2.089850921005833,6.14266360030327,4.889584964761155,31219.99999999997,0.06359878480003985,6385.0,980,264.7073921971252,-198.159229208925,31.85714285714282,9.743877551020407,10085.0,-1985.0
60,2.0,0.5,2,4.0,0.75,3,0,2.0,15,0.04,1.3,True,True,1.3195741740665858,0.4969387755102041,2.089850921005833,6.14266360030327,4.889584964761155,31219.99999999997,0.06359878480003985,6385.0,980,264.7073921971252,-198.159229208925,31.85714285714282,9.743877551020407,10085.0,-1985.0
60,2.0,0.5,2,4.0,0.75,3,0,2.0,15,0.02,1.5,False,True,1.2668479218588713,0.5257009345794392,2.410532581390522,4.280484804644392,3.943452380952366,26499.999999999898,0.06665013637490702,6720.0,856,279.57222222222225,-244.59975369458158,30.957943925233526,13.720794392523365,3870.0,-3425.0
60,2.0,0.5,2,4.0,0.75,3,0,2.0,25,0.02,1.3,True,False,1.2879901421467232,0.495253164556962,2.327966518680141,6.793797392965637,5.124510571652306,32719.99999999997,0.06348811772894501,6385.0,1264,233.76198083067092,-178.0799373040753,25.88607594936706,8.58623417721519,10085.0,-1985.0
60,2.0,0.5,2,4.0,0.75,3,0,2.0,15,0.04,1.0,False,True,1.1552505308210583,0.49746621621621623,1.852891377277713,4.332533883958427,3.7686688311688123,23214.999999999884,0.06077647871343298,6160.0,1184,293.2894736842105,-251.3151260504203,19.60726351351342,12.30152027027027,10680.0,-2960.0
60,2.0,0.5,2,4.0,0.75,3,0,2.0,25,0.04,1.0,True,True,1.2359569818758311,0.4949664429530201,1.766493787257984,4.5439064344456295,3.4788376500315983,27535.000000000102,0.0788385875790627,7915.0,1192,244.4576271186442,-193.84551495016606,23.099832214765183,8.791107382550335,10085.0,-2875.0
60,2.0,0.5,2,4.0,0.75,3,0,2.0,40,0.01,1.0,False,True,1.1709773708873206,0.5008445945945946,2.0352253526183857,4.793231142000459,4.144300727566682,25632.499999999927,0.05640932099046924,6185.0,1184,296.03709949409784,-253.66751269035552,21.64907094594588,12.473817567567568,10680.0,-2960.0
60,2.0,0.5,2,4.0,0.75,3,0,2.0,25,0.04,1.3,False,False,1.157706269813892,0.4960691823899371,2.1155339971255693,5.176426296098296,4.120600858369069,24002.499999999825,0.052390160543238744,5825.0,1272,279.2393026941361,-237.43759750390024,18.86988993710678,11.991352201257861,10680.0,-3755.0
60,2.0,0.5,2,4.0,0.75,3,0,2.0,15,0.01,1.0,True,True,1.2359569818758311,0.4949664429530201,1.766493787257984,4.5439064344456295,3.4788376500315983,27535.000000000102,0.0788385875790627,7915.0,1192,244.4576271186442,-193.84551495016606,23.099832214765183,8.791107382550335,10085.0,-2875.0
60,2.0,0.5,2,4.0,0.75,3,0,2.0,25,0.04,1.0,False,True,1.171883094096218,0.5008445945945946,2.0092132131520555,4.741285327445205,4.174512987012977,25714.99999999994,0.06077647871343298,6160.0,1184,295.65345699831374,-253.1429780033843,21.71874999999995,12.42989864864865,10680.0,-2960.0
60,2.0,0.5,2,4.0,0.75,3,0,2.0,25,0.02,1.5,False,True,1.2734191889916566,0.5280373831775701,2.4846224556433394,4.425782393806624,4.036086309523794,27122.499999999898,0.06665013637490702,6720.0,856,279.4690265486726,-245.53836633663394,31.68516355140175,13.776869158878505,3870.0,-3425.0
60,2.0,0.5,2,4.0,0.75,3,0,2.0,15,0.01,1.0,True,False,1.2013532801184126,0.492014742014742,1.9455776917696201,4.902804630844526,3.6092861655085393,28567.500000000087,0.07870140200855126,7915.0,1628,212.7902621722847,-171.55683192261182,17.547604422604476,7.656633906633907,10085.0,-2875.0
60,2.0,0.5,2,4.0,0.75,3,0,2.0,25,0.01,1.0,False,False,1.1036797711894701,0.4883004926108374,1.7770066446920458,3.9060220322820456,3.0973101265822693,19574.99999999994,0.05729568015955759,6320.0,1624,262.77112232030254,-227.19915764139589,12.053571428571388,11.187807881773399,10680.0,-3290.0
60,2.0,0.5,2,4.0,0.75,3,0,2.0,25,0.04,1.0,True,False,1.2013532801184126,0.492014742014742,1.9455776917696201,4.902804630844526,3.6092861655085393,28567.500000000087,0.07870140200855126,7915.0,1628,212.7902621722847,-171.55683192261182,17.547604422604476,7.656633906633907,10085.0,-2875.0
60,2.0,0.5,2,4.0,0.75,3,0,2.0,25,0.04,1.5,True,False,1.1995620399440683,0.499063670411985,2.0446783797603962,3.596678614398655,3.084828711256127,18910.00000000006,0.061083154800458374,6130.0,1068,213.25984990619148,-177.11682242990653,17.705992509363348,9.308988764044944,3470.0,-3040.0
60,2.0,0.5,2,4.0,0.75,3,0,2.0,40,0.01,1.3,False,True,1.2415212937361986,0.5102040816326531,2.3004643399530784,5.977048996740753,4.652107279693458,30354.99999999981,0.059036417100203575,6525.0,980,312.07499999999993,-261.83854166666697,30.974489795918178,13.311224489795919,10680.0,-3425.0
60,2.0,0.5,2,4.0,0.75,3,0,2.0,15,0.04,1.3,False,True,1.2325586075057833,0.5061224489795918,2.156495352383849,5.58424010818673,4.600716560509522,28892.499999999796,0.05681972404433386,6280.0,980,308.7298387096773,-256.6890495867772,29.48214285714264,13.119387755102041,10680.0,-3425.0
60,2.0,0.5,2,4.0,0.75,3,0,2.0,25,0.01,1.0,True,True,1.2359569818758311,0.4949664429530201,1.766493787257984,4.5439064344456295,3.4788376500315983,27535.000000000102,0.0788385875790627,7915.0,1192,244.4576271186442,-193.84551495016606,23.099832214765183,8.791107382550335,10085.0,-2875.0
60,2.0,0.5,2,4.0,0.75,3,0,2.0,25,0.01,1.0,False,True,1.1703678985567694,0.5008445945945946,2.0278624600616073,4.775944078865375,4.127324171382365,25527.499999999927,0.05640932099046924,6185.0,1184,295.7251264755481,-253.53214890016935,21.560388513513455,12.443412162162161,10680.0,-2960.0
60,2.0,0.5,2,4.0,0.75,3,0,2.0,15,0.02,1.3,True,False,1.2879901421467232,0.495253164556962,2.327966518680141,6.793797392965637,5.124510571652306,32719.99999999997,0.06348811772894501,6385.0,1264,233.76198083067092,-178.0799373040753,25.88607594936706,8.58623417721519,10085.0,-1985.0
60,2.0,0.5,2,4.0,0.75,3,0,2.0,15,0.01,1.0,False,False,1.1076440768409814,0.4870689655172414,1.7857933672249497,3.941834044203897,3.191851265822771,20172.499999999913,0.05729568015955759,6320.0,1624,262.41782553729445,-224.96998799519807,12.421490147783201,11.128694581280788,10680.0,-3290.0
60,2.0,0.5,2,4.0,0.75,3,0,2.0,25,0.01,1.0,True,False,1.2013532801184126,0.492014742014742,1.9455776917696201,4.902804630844526,3.6092861655085393,28567.500000000087,0.07870140200855126,7915.0,1628,212.7902621722847,-171.55683192261182,17.547604422604476,7.656633906633907,10085.0,-2875.0
60,2.0,0.5,2,4.0,0.75,3,0,2.0,25,0.02,1.0,False,False,1.1036797711894701,0.4883004926108374,1.7770066446920458,3.9060220322820456,3.0973101265822693,19574.99999999994,0.05729568015955759,6320.0,1624,262.77112232030254,-227.19915764139589,12.053571428571388,11.187807881773399,10680.0,-3290.0
60,2.0,0.5,2,4.0,0.75,3,0,2.0,40,0.01,1.5,True,True,1.2485682270916336,0.5082547169811321,1.927368334927312,3.3604804405290825,3.2569331158238195,19965.000000000015,0.061083154800458374,6130.0,848,232.67981438515085,-192.61390887290167,23.543632075471717,10.57311320754717,3470.0,-3040.0
60,2.0,0.5,2,4.0,0.75,3,0,2.0,15,0.04,1.3,False,False,1.1583553224890597,0.4937106918238994,2.064148171955045,5.024982156704149,4.17709251101318,23704.999999999796,0.05104105769663174,5675.0,1272,276.11464968152836,-232.4456521739131,18.636006289308014,11.846698113207546,10680.0,-3755.0
60,2.0,0.5,2,4.0,0.75,3,0,2.0,40,0.01,1.5,False,True,1.2742565032358777,0.5280373831775701,2.4934311234761397,4.445393111362262,4.051711309523792,27227.499999999884,0.06665013637490702,6720.0,856,279.8783185840708,-245.7363861386142,31.80782710280361,13.81892523364486,3870.0,-3425.0
60,2.0,0.5,2,4.0,0.75,3,0,2.0,40,0.02,1.0,True,False,1.2013532801184126,0.492014742014742,1.9455776917696201,4.902804630844526,3.6092861655085393,28567.500000000087,0.07870140200855126,7915.0,1628,212.7902621722847,-171.55683192261182,17.547604422604476,7.656633906633907,10085.0,-2875.0
60,2.0,0.5,2,4.0,0.75,3,0,2.0,40,0.01,1.5,False,False,1.1838295941933352,0.5119485294117647,2.394736017572406,4.163819134834952,3.4000762776506397,22287.49999999994,0.06501363749070171,6555.0,1088,257.67953321364445,-228.32391713747649,20.48483455882348,12.379595588235293,3590.0,-3755.0
60,2.0,0.5,2,4.0,0.75,3,0,2.0,40,0.02,1.0,True,True,1.2359569818758311,0.4949664429530201,1.766493787257984,4.5439064344456295,3.4788376500315983,27535.000000000102,0.0788385875790627,7915.0,1192,244.4576271186442,-193.84551495016606,23.099832214765183,8.791107382550335,10085.0,-2875.0
60,2.0,0.5,2,4.0,0.75,3,0,2.0,40,0.02,1.3,True,False,1.2879901421467232,0.495253164556962,2.327966518680141,6.793797392965637,5.124510571652306,32719.99999999997,0.06348811772894501,6385.0,1264,233.76198083067092,-178.0799373040753,25.88607594936706,8.58623417721519,10085.0,-1985.0
60,2.0,0.5,2,4.0,0.75,3,0,2.0,40,0.02,1.0,False,True,1.1709773708873206,0.5008445945945946,2.0352253526183857,4.793231142000459,4.144300727566682,25632.499999999927,0.05640932099046924,6185.0,1184,296.03709949409784,-253.66751269035552,21.64907094594588,12.473817567567568,10680.0,-2960.0
60,2.0,0.5,2,4.0,0.75,3,0,2.0,40,0.01,1.5,True,False,1.1995620399440683,0.499063670411985,2.0446783797603962,3.596678614398655,3.084828711256127,18910.00000000006,0.061083154800458374,6130.0,1068,213.25984990619148,-177.11682242990653,17.705992509363348,9.308988764044944,3470.0,-3040.0
60,2.0,0.5,2,4.0,0.75,3,0,2.0,40,0.02,1.0,False,False,1.1048518484178176,0.4883004926108374,1.788892081490009,3.935527495027532,3.131329113924039,19789.999999999927,0.05729568015955759,6320.0,1624,262.96658259773005,-227.1269554753309,12.185960591132963,11.21243842364532,10680.0,-3290.0
60,2.0,0.5,2,4.0,0.75,3,0,2.0,40,0.02,1.5,True,True,1.2485682270916336,0.5082547169811321,1.927368334927312,3.3604804405290825,3.2569331158238195,19965.000000000015,0.061083154800458374,6130.0,848,232.67981438515085,-192.61390887290167,23.543632075471717,10.57311320754717,3470.0,-3040.0
60,2.0,0.5,2,4.0,0.75,3,0,2.0,40,0.02,1.5,True,False,1.1995620399440683,0.499063670411985,2.0446783797603962,3.596678614398655,3.084828711256127,18910.00000000006,0.061083154800458374,6130.0,1068,213.25984990619148,-177.11682242990653,17.705992509363348,9.308988764044944,3470.0,-3040.0
60,2.0,0.5,2,4.0,0.75,3,0,3.0,25,0.02,1.0,False,False,1.0915715623346132,0.4873417721518987,1.609841773501233,3.528377906912691,2.552193645990914,16869.99999999994,0.061118816458622285,6610.0,1580,261.1655844155843,-227.4413580246913,10.677215189873385,11.225949367088608,10680.0,-3290.0
60,2.0,0.5,2,4.0,0.75,3,0,3.0,15,0.02,1.3,True,False,1.2760754074107283,0.495928338762215,2.177349814928519,6.318189606681938,4.822239624119031,30790.000000000015,0.06359878480003985,6385.0,1228,233.6904761904762,-180.17366720516964,25.07328990228014,8.693811074918568,10085.0,-1985.0
60,2.0,0.5,2,4.0,0.75,3,0,3.0,15,0.02,1.0,False,False,1.0981335306692974,0.4873417721518987,1.624732351073605,3.5829109825986576,2.7478894858019887,17902.499999999956,0.06024040684234859,6515.0,1580,260.1720779220778,-225.2222222222222,11.330696202531616,11.15,10680.0,-3290.0
60,2.0,0.5,2,4.0,0.75,3,0,3.0,15,0.01,1.3,False,True,1.2122420215443457,0.5052083333333334,2.0638817916769634,5.269688844702918,3.962781954887194,26352.49999999984,0.06106519742883379,6650.0,960,310.34020618556696,-261.3947368421055,27.45052083333316,13.334375,10680.0,-3425.0
60,2.0,0.5,2,4.0,0.75,3,0,3.0,15,0.02,1.3,False,True,1.2133284968663711,0.5052083333333334,2.063194785193161,5.28422535029874,4.037376048817674,26464.999999999854,0.06019283746556474,6555.0,960,310.35567010309273,-261.1736842105265,27.567708333333186,13.326041666666667,10680.0,-3425.0
60,2.0,0.5,2,4.0,0.75,3,0,2.0,40,0.02,1.3,True,True,1.3195741740665858,0.4969387755102041,2.089850921005833,6.14266360030327,4.889584964761155,31219.99999999997,0.06359878480003985,6385.0,980,264.7073921971252,-198.159229208925,31.85714285714282,9.743877551020407,10085.0,-1985.0
60,2.0,0.5,2,4.0,0.75,3,0,3.0,25,0.02,1.3,True,False,1.2760754074107283,0.495928338762215,2.177349814928519,6.318189606681938,4.822239624119031,30790.000000000015,0.06359878480003985,6385.0,1228,233.6904761904762,-180.17366720516964,25.07328990228014,8.693811074918568,10085.0,-1985.0
60,2.0,0.5,2,4.0,0.75,3,0,3.0,15,0.01,1.5,True,False,1.1821989808169484,0.49809160305343514,1.9107423462228534,3.314702602046106,2.6843553459119636,17072.500000000087,0.06337501868367296,6360.0,1048,212.21264367816107,-178.14163498098853,16.29055343511459,9.395038167938932,3470.0,-3040.0
60,2.0,0.5,2,4.0,0.75,3,0,3.0,15,0.02,1.5,True,True,1.2267052423032174,0.507177033492823,1.7978761342146974,3.088480493916693,2.53302881236824,18022.50000000003,0.07089831099596433,7115.0,836,230.00000000000006,-192.95509708737865,21.558014354067012,10.64952153110048,3470.0,-3040.0
60,2.0,0.5,2,4.0,0.75,3,0,3.0,25,0.02,1.3,False,False,1.126497005988023,0.49271844660194175,1.8461741282036044,4.436604895521648,3.0615942028985272,19012.499999999854,0.056956800880491605,6210.0,1236,278.0172413793101,-239.71291866028707,15.382281553397938,12.075242718446601,10680.0,-3755.0
60,2.0,0.5,2,4.0,0.75,3,0,2.0,40,0.02,1.3,False,True,1.2415212937361986,0.5102040816326531,2.3004643399530784,5.977048996740753,4.652107279693458,30354.99999999981,0.059036417100203575,6525.0,980,312.07499999999993,-261.83854166666697,30.974489795918178,13.311224489795919,10680.0,-3425.0
60,2.0,0.5,2,4.0,0.75,3,0,3.0,25,0.02,1.5,True,False,1.1821989808169484,0.49809160305343514,1.9107423462228534,3.314702602046106,2.6843553459119636,17072.500000000087,0.06337501868367296,6360.0,1048,212.21264367816107,-178.14163498098853,16.29055343511459,9.395038167938932,3470.0,-3040.0
60,2.0,0.5,2,4.0,0.75,3,0,2.0,40,0.02,1.5,False,True,1.2742565032358777,0.5280373831775701,2.4934311234761397,4.445393111362262,4.051711309523792,27227.499999999884,0.06665013637490702,6720.0,856,279.8783185840708,-245.7363861386142,31.80782710280361,13.81892523364486,3870.0,-3425.0
60,2.0,0.5,2,4.0,0.75,3,0,2.0,40,0.02,1.5,False,False,1.1838295941933352,0.5119485294117647,2.394736017572406,4.163819134834952,3.4000762776506397,22287.49999999994,0.06501363749070171,6555.0,1088,257.67953321364445,-228.32391713747649,20.48483455882348,12.379595588235293,3590.0,-3755.0
60,2.0,0.5,2,4.0,0.75,3,0,2.0,40,0.04,1.0,True,True,1.2359569818758311,0.4949664429530201,1.766493787257984,4.5439064344456295,3.4788376500315983,27535.000000000102,0.0788385875790627,7915.0,1192,244.4576271186442,-193.84551495016606,23.099832214765183,8.791107382550335,10085.0,-2875.0
60,2.0,0.5,2,4.0,0.75,3,0,2.0,40,0.02,1.3,False,False,1.1561353511530383,0.4960691823899371,2.134788966484041,5.207021188204056,4.025760135135103,23832.49999999981,0.05324459234608985,5920.0,1272,279.6711568938191,-238.12792511700476,18.73624213836463,12.038522012578616,10680.0,-3755.0
60,2.0,0.5,2,4.0,0.75,3,0,2.0,40,0.04,1.3,True,True,1.3195741740665858,0.4969387755102041,2.089850921005833,6.14266360030327,4.889584964761155,31219.99999999997,0.06359878480003985,6385.0,980,264.7073921971252,-198.159229208925,31.85714285714282,9.743877551020407,10085.0,-1985.0
60,2.0,0.5,2,4.0,0.75,3,0,2.0,40,0.04,1.5,True,True,1.2485682270916336,0.5082547169811321,1.927368334927312,3.3604804405290825,3.2569331158238195,19965.000000000015,0.061083154800458374,6130.0,848,232.67981438515085,-192.61390887290167,23.543632075471717,10.57311320754717,3470.0,-3040.0
60,2.0,0.5,2,4.0,0.75,3,0,2.0,40,0.04,1.5,False,True,1.2742565032358777,0.5280373831775701,2.4934311234761397,4.445393111362262,4.051711309523792,27227.499999999884,0.06665013637490702,6720.0,856,279.8783185840708,-245.7363861386142,31.80782710280361,13.81892523364486,3870.0,-3425.0
60,2.0,0.5,2,4.0,0.75,3,0,2.0,40,0.04,1.5,True,False,1.1995620399440683,0.499063670411985,2.0446783797603962,3.596678614398655,3.084828711256127,18910.00000000006,0.061083154800458374,6130.0,1068,213.25984990619148,-177.11682242990653,17.705992509363348,9.308988764044944,3470.0,-3040.0
60,2.0,0.5,2,4.0,0.75,3,0,2.0,40,0.04,1.3,False,True,1.2415212937361986,0.5102040816326531,2.3004643399530784,5.977048996740753,4.652107279693458,30354.99999999981,0.059036417100203575,6525.0,980,312.07499999999993,-261.83854166666697,30.974489795918178,13.311224489795919,10680.0,-3425.0
60,2.0,0.5,2,4.0,0.75,3,0,3.0,15,0.01,1.3,True,True,1.3064851923177014,0.49895833333333334,1.970622454332736,5.758694562975863,4.611198120595143,29442.499999999985,0.06359878480003985,6385.0,960,262.01983298538624,-199.71933471933474,30.66927083333332,9.83125,10085.0,-1985.0
60,2.0,0.5,2,4.0,0.75,3,0,3.0,15,0.01,1.5,False,True,1.2463646745336874,0.5225118483412322,2.3134819997090865,4.048597232061748,3.045169385194465,24269.999999999884,0.07904785519464419,7970.0,844,278.4183673469388,-244.44789081885884,28.75592417061598,13.854265402843602,3870.0,-3425.0
60,2.0,0.5,2,4.0,0.75,3,0,2.0,40,0.04,1.0,False,True,1.1709773708873206,0.5008445945945946,2.0352253526183857,4.793231142000459,4.144300727566682,25632.499999999927,0.05640932099046924,6185.0,1184,296.03709949409784,-253.66751269035552,21.64907094594588,12.473817567567568,10680.0,-2960.0
60,2.0,0.5,2,4.0,0.75,3,0,2.0,40,0.04,1.3,False,False,1.1561353511530383,0.4960691823899371,2.134788966484041,5.207021188204056,4.025760135135103,23832.49999999981,0.05324459234608985,5920.0,1272,279.6711568938191,-238.12792511700476,18.73624213836463,12.038522012578616,10680.0,-3755.0
60,2.0,0.5,2,4.0,0.75,3,0,2.0,40,0.04,1.5,False,False,1.1838295941933352,0.5119485294117647,2.394736017572406,4.163819134834952,3.4000762776506397,22287.49999999994,0.06501363749070171,6555.0,1088,257.67953321364445,-228.32391713747649,20.48483455882348,12.379595588235293,3590.0,-3755.0
60,2.0,0.5,2,4.0,0.75,3,0,2.0,40,0.04,1.0,False,False,1.1048518484178176,0.4883004926108374,1.788892081490009,3.935527495027532,3.131329113924039,19789.999999999927,0.05729568015955759,6320.0,1624,262.96658259773005,-227.1269554753309,12.185960591132963,11.21243842364532,10680.0,-3290.0
60,2.0,0.5,2,4.0,0.75,3,0,3.0,15,0.01,1.0,True,True,1.2342498518794858,0.49742268041237114,1.687447900751838,4.336707263933087,3.371762476310817,26687.500000000116,0.0788385875790627,7915.0,1164,242.8583765112264,-194.7478632478632,22.927405498281885,8.874570446735396,10085.0,-2875.0
60,2.0,0.5,2,4.0,0.75,3,0,3.0,15,0.01,1.5,False,False,1.1661923133683294,0.5074906367041199,2.211509633534145,3.7968478057148096,2.4345274861025255,19707.49999999994,0.0802876270766179,8095.0,1068,255.14760147601464,-225.44201520912551,18.452715355805186,12.345505617977528,3590.0,-3755.0
60,2.0,0.5,2,4.0,0.75,3,0,2.0,40,0.04,1.3,True,False,1.2879901421467232,0.495253164556962,2.327966518680141,6.793797392965637,5.124510571652306,32719.99999999997,0.06348811772894501,6385.0,1264,233.76198083067092,-178.0799373040753,25.88607594936706,8.58623417721519,10085.0,-1985.0
60,2.0,0.5,2,4.0,0.75,3,0,3.0,15,0.02,1.0,False,True,1.1598446880933238,0.49740484429065746,1.9014616860161435,4.470463593329882,3.7772837510105024,23362.499999999956,0.057273821650152795,6185.0,1156,294.8173913043479,-251.5619621342514,20.209775086505154,12.481833910034602,10680.0,-2960.0
60,2.0,0.5,2,4.0,0.75,3,0,3.0,15,0.01,1.0,False,True,1.1589607725835394,0.49740484429065746,1.902268896006825,4.461831963047417,3.702229299363048,23249.99999999994,0.05815353273451245,6280.0,1156,294.804347826087,-251.7426850258177,20.11245674740479,12.488754325259515,10680.0,-2960.0
60,2.0,0.5,2,4.0,0.75,3,0,2.0,40,0.04,1.0,True,False,1.2013532801184126,0.492014742014742,1.9455776917696201,4.902804630844526,3.6092861655085393,28567.500000000087,0.07870140200855126,7915.0,1628,212.7902621722847,-171.55683192261182,17.547604422604476,7.656633906633907,10085.0,-2875.0
60,2.0,0.5,2,4.0,0.75,3,0,3.0,15,0.01,1.3,False,False,1.1317013381688734,0.4911003236245955,1.857569887748842,4.488804692815789,3.1578099838969123,19609.999999999825,0.056956800880491605,6210.0,1236,277.6070840197691,-236.720985691574,15.865695792880123,11.99757281553398,10680.0,-3755.0
60,2.0,0.5,2,4.0,0.75,3,0,3.0,15,0.01,1.0,False,False,1.0955421851497331,0.4860759493670886,1.6183897567797925,3.5621001874883986,2.642586989409974,17467.499999999927,0.061118816458622285,6610.0,1580,260.7975260416666,-225.15394088669947,11.0553797468354,11.165189873417722,10680.0,-3290.0
60,2.0,0.5,2,4.0,0.75,3,0,3.0,15,0.01,1.5,True,True,1.2267052423032174,0.507177033492823,1.7978761342146974,3.088480493916693,2.53302881236824,18022.50000000003,0.07089831099596433,7115.0,836,230.00000000000006,-192.95509708737865,21.558014354067012,10.64952153110048,3470.0,-3040.0
60,2.0,0.5,2,4.0,0.75,3,0,3.0,15,0.02,1.3,True,True,1.3064851923177014,0.49895833333333334,1.970622454332736,5.758694562975863,4.611198120595143,29442.499999999985,0.06359878480003985,6385.0,960,262.01983298538624,-199.71933471933474,30.66927083333332,9.83125,10085.0,-1985.0
60,2.0,0.5,2,4.0,0.75,3,0,3.0,25,0.02,1.3,False,True,1.2169516788526986,0.5072916666666667,2.1099112367703037,5.4035334091991025,4.04924812030073,26927.499999999854,0.06106519742883379,6650.0,960,310.15400410677614,-262.4048625792814,28.04947916666651,13.380208333333334,10680.0,-3425.0
60,2.0,0.5,2,4.0,0.75,3,0,3.0,15,0.01,1.3,True,False,1.2760754074107283,0.495928338762215,2.177349814928519,6.318189606681938,4.822239624119031,30790.000000000015,0.06359878480003985,6385.0,1228,233.6904761904762,-180.17366720516964,25.07328990228014,8.693811074918568,10085.0,-1985.0
60,2.0,0.5,2,4.0,0.75,3,0,3.0,15,0.01,1.0,True,False,1.2008325974517484,0.49370277078085645,1.8424782806016367,4.622691819707923,3.5198989260897195,27860.00000000013,0.0788385875790627,7915.0,1588,212.47767857142864,-172.54042288557204,17.544080604534084,7.727959697732998,10085.0,-2875.0
60,2.0,0.5,2,4.0,0.75,3,0,3.0,15,0.02,1.5,False,False,1.168112271815975,0.5084269662921348,2.21415518245996,3.8009715036191665,2.4601605929586112,19914.999999999956,0.0802876270766179,8095.0,1068,254.83885819521169,-225.6428571428571,18.647003745318315,12.338014981273409,3590.0,-3755.0
60,2.0,0.5,2,4.0,0.75,3,0,3.0,15,0.02,1.0,True,True,1.2342498518794858,0.49742268041237114,1.687447900751838,4.336707263933087,3.371762476310817,26687.500000000116,0.0788385875790627,7915.0,1164,242.8583765112264,-194.7478632478632,22.927405498281885,8.874570446735396,10085.0,-2875.0
60,2.0,0.5,2,4.0,0.75,3,0,3.0,15,0.02,1.5,True,False,1.1821989808169484,0.49809160305343514,1.9107423462228534,3.314702602046106,2.6843553459119636,17072.500000000087,0.06337501868367296,6360.0,1048,212.21264367816107,-178.14163498098853,16.29055343511459,9.395038167938932,3470.0,-3040.0
60,2.0,0.5,2,4.0,0.75,3,0,3.0,15,0.04,1.0,False,False,1.0882106736561865,0.4860759493670886,1.5035289384919874,3.2756835849233896,2.524744697564794,16069.999999999913,0.058853444290337495,6365.0,1580,258.13476562499983,-224.35652709359601,10.17088607594931,11.079113924050633,10680.0,-3290.0
60,2.0,0.5,2,4.0,0.75,3,0,3.0,15,0.04,1.0,True,True,1.2342498518794858,0.49742268041237114,1.687447900751838,4.336707263933087,3.371762476310817,26687.500000000116,0.0788385875790627,7915.0,1164,242.8583765112264,-194.7478632478632,22.927405498281885,8.874570446735396,10085.0,-2875.0
60,2.0,0.5,2,4.0,0.75,3,0,3.0,15,0.02,1.5,False,True,1.2457203722959083,0.5225118483412322,2.3010443277133965,4.026313011277612,3.039209535759084,24222.499999999898,0.07904785519464419,7970.0,844,278.4580498866213,-244.60918114143945,28.699644549762915,13.84952606635071,3870.0,-3425.0
60,2.0,0.5,2,4.0,0.75,3,0,3.0,15,0.04,1.5,False,True,1.2490121619541217,0.5225118483412322,2.227034897595402,3.881465039353726,3.0442283563362444,24262.49999999987,0.07904785519464419,7970.0,844,275.95804988662127,-241.7741935483874,28.747037914691788,13.783175355450236,3870.0,-3425.0
60,2.0,0.5,2,4.0,0.75,3,0,3.0,15,0.04,1.5,True,True,1.2267052423032174,0.507177033492823,1.7978761342146974,3.088480493916693,2.53302881236824,18022.50000000003,0.07089831099596433,7115.0,836,230.00000000000006,-192.95509708737865,21.558014354067012,10.64952153110048,3470.0,-3040.0
60,2.0,0.5,2,4.0,0.75,3,0,3.0,15,0.04,1.5,True,False,1.1821989808169484,0.49809160305343514,1.9107423462228534,3.314702602046106,2.6843553459119636,17072.500000000087,0.06337501868367296,6360.0,1048,212.21264367816107,-178.14163498098853,16.29055343511459,9.395038167938932,3470.0,-3040.0
60,2.0,0.5,2,4.0,0.75,3,0,3.0,15,0.04,1.3,True,True,1.3064851923177014,0.49895833333333334,1.970622454332736,5.758694562975863,4.611198120595143,29442.499999999985,0.06359878480003985,6385.0,960,262.01983298538624,-199.71933471933474,30.66927083333332,9.83125,10085.0,-1985.0
60,2.0,0.5,2,4.0,0.75,3,0,3.0,15,0.02,1.0,True,False,1.2008325974517484,0.49370277078085645,1.8424782806016367,4.622691819707923,3.5198989260897195,27860.00000000013,0.0788385875790627,7915.0,1588,212.47767857142864,-172.54042288557204,17.544080604534084,7.727959697732998,10085.0,-2875.0
60,2.0,0.5,2,4.0,0.75,3,0,3.0,15,0.04,1.5,False,False,1.1702503995737874,0.5084269662921348,2.1641603497866377,3.662091339344057,2.467263743051259,19972.49999999994,0.0802876270766179,8095.0,1068,252.8268876611417,-223.45238095238096,18.700842696629156,12.289325842696629,3590.0,-3755.0
60,2.0,0.5,2,4.0,0.75,3,0,3.0,15,0.02,1.3,False,False,1.1344313039382257,0.4919093851132686,1.8668009842081508,4.52311949604095,3.2669664758789625,19977.499999999854,0.056085481060258645,6115.0,1236,277.27796052631555,-236.6361464968153,16.163025889967525,11.987864077669903,10680.0,-3755.0
60,2.0,0.5,2,4.0,0.75,3,0,3.0,25,0.01,1.3,True,True,1.3064851923177014,0.49895833333333334,1.970622454332736,5.758694562975863,4.611198120595143,29442.499999999985,0.06359878480003985,6385.0,960,262.01983298538624,-199.71933471933474,30.66927083333332,9.83125,10085.0,-1985.0
60,2.0,0.5,2,4.0,0.75,3,0,3.0,15,0.04,1.3,False,False,1.1296717471740374,0.49029126213592233,1.7825178762340808,4.279771733078071,3.202011735121513,19099.999999999825,0.0547097129230487,5965.0,1236,274.5792079207918,-233.8015873015873,15.453074433656816,11.910194174757281,10680.0,-3755.0
60,2.0,0.5,2,4.0,0.75,3,0,3.0,25,0.01,1.0,True,True,1.2342498518794858,0.49742268041237114,1.687447900751838,4.336707263933087,3.371762476310817,26687.500000000116,0.0788385875790627,7915.0,1164,242.8583765112264,-194.7478632478632,22.927405498281885,8.874570446735396,10085.0,-2875.0
60,2.0,0.5,2,4.0,0.75,3,0,3.0,15,0.04,1.0,False,True,1.1474342499785823,0.49567474048442905,1.7723611561759045,4.135656928658728,3.492288961038947,21512.499999999913,0.06077647871343298,6160.0,1156,292.1902268760907,-250.2787307032591,18.609429065743864,12.381487889273357,10680.0,-2960.0
60,2.0,0.5,2,4.0,0.75,3,0,3.0,25,0.01,1.3,True,False,1.2760754074107283,0.495928338762215,2.177349814928519,6.318189606681938,4.822239624119031,30790.000000000015,0.06359878480003985,6385.0,1228,233.6904761904762,-180.17366720516964,25.07328990228014,8.693811074918568,10085.0,-1985.0
60,2.0,0.5,2,4.0,0.75,3,0,3.0,25,0.01,1.0,False,False,1.0915715623346132,0.4873417721518987,1.609841773501233,3.528377906912691,2.552193645990914,16869.99999999994,0.061118816458622285,6610.0,1580,261.1655844155843,-227.4413580246913,10.677215189873385,11.225949367088608,10680.0,-3290.0
60,2.0,0.5,2,4.0,0.75,3,0,3.0,15,0.04,1.3,True,False,1.2760754074107283,0.495928338762215,2.177349814928519,6.318189606681938,4.822239624119031,30790.000000000015,0.06359878480003985,6385.0,1228,233.6904761904762,-180.17366720516964,25.07328990228014,8.693811074918568,10085.0,-1985.0
60,2.0,0.5,2,4.0,0.75,3,0,3.0,15,0.04,1.3,False,True,1.2083053298303479,0.503125,1.970430683010496,5.029723773542746,3.9921935987509465,25569.99999999981,0.05881542699724518,6405.0,960,307.0859213250516,-257.34276729559775,26.635416666666472,13.221875,10680.0,-3425.0
60,2.0,0.5,2,4.0,0.75,3,0,3.0,25,0.01,1.0,True,False,1.2008325974517484,0.49370277078085645,1.8424782806016367,4.622691819707923,3.5198989260897195,27860.00000000013,0.0788385875790627,7915.0,1588,212.47767857142864,-172.54042288557204,17.544080604534084,7.727959697732998,10085.0,-2875.0
60,2.0,0.5,2,4.0,0.75,3,0,3.0,25,0.01,1.5,False,True,1.2523167542590181,0.5248815165876777,2.3763487799361895,4.171606130790177,3.1173149309912045,24844.999999999898,0.07904785519464419,7970.0,844,278.3577878103838,-245.55486284289304,29.437203791469077,13.906398104265403,3870.0,-3425.0
60,2.0,0.5,2,4.0,0.75,3,0,3.0,25,0.01,1.3,False,True,1.2169516788526986,0.5072916666666667,2.1099112367703037,5.4035334091991025,4.04924812030073,26927.499999999854,0.06106519742883379,6650.0,960,310.15400410677614,-262.4048625792814,28.04947916666651,13.380208333333334,10680.0,-3425.0
60,2.0,0.5,2,4.0,0.75,3,0,3.0,15,0.04,1.0,True,False,1.2008325974517484,0.49370277078085645,1.8424782806016367,4.622691819707923,3.5198989260897195,27860.00000000013,0.0788385875790627,7915.0,1588,212.47767857142864,-172.54042288557204,17.544080604534084,7.727959697732998,10085.0,-2875.0
60,2.0,0.5,2,4.0,0.75,3,0,3.0,25,0.01,1.5,False,False,1.1592699087385918,0.5093632958801498,2.18719996614811,3.741945007540045,2.360716491661514,19109.999999999956,0.0802876270766179,8095.0,1068,255.689338235294,-228.9790076335878,17.893258426966252,12.435393258426966,3590.0,-3755.0
60,2.0,0.5,2,4.0,0.75,3,0,3.0,25,0.01,1.5,True,True,1.2267052423032174,0.507177033492823,1.7978761342146974,3.088480493916693,2.53302881236824,18022.50000000003,0.07089831099596433,7115.0,836,230.00000000000006,-192.95509708737865,21.558014354067012,10.64952153110048,3470.0,-3040.0
60,2.0,0.5,2,4.0,0.75,3,0,3.0,25,0.01,1.3,False,False,1.126497005988023,0.49271844660194175,1.8461741282036044,4.436604895521648,3.0615942028985272,19012.499999999854,0.056956800880491605,6210.0,1236,278.0172413793101,-239.71291866028707,15.382281553397938,12.075242718446601,10680.0,-3755.0
60,2.0,0.5,2,4.0,0.75,3,0,3.0,25,0.01,1.5,True,False,1.1821989808169484,0.49809160305343514,1.9107423462228534,3.314702602046106,2.6843553459119636,17072.500000000087,0.06337501868367296,6360.0,1048,212.21264367816107,-178.14163498098853,16.29055343511459,9.395038167938932,3470.0,-3040.0
60,2.0,0.5,2,4.0,0.75,3,0,3.0,25,0.02,1.0,True,True,1.2342498518794858,0.49742268041237114,1.687447900751838,4.336707263933087,3.371762476310817,26687.500000000116,0.0788385875790627,7915.0,1164,242.8583765112264,-194.7478632478632,22.927405498281885,8.874570446735396,10085.0,-2875.0
60,2.0,0.5,2,4.0,0.75,3,0,3.0,25,0.01,1.0,False,True,1.1629421922820453,0.4991349480968858,1.9491429407397378,4.581944009973792,3.793789808917188,23824.99999999994,0.05815353273451245,6280.0,1156,294.7010398613519,-252.53454231433517,20.60986159169546,12.52681660899654,10680.0,-2960.0
60,2.0,0.5,2,4.0,0.75,3,0,3.0,25,0.02,1.0,False,True,1.1629421922820453,0.4991349480968858,1.9491429407397378,4.581944009973792,3.793789808917188,23824.99999999994,0.05815353273451245,6280.0,1156,294.7010398613519,-252.53454231433517,20.60986159169546,12.52681660899654,10680.0,-2960.0
60,2.0,0.5,2,4.0,0.75,3,0,3.0,25,0.02,1.0,True,False,1.2008325974517484,0.49370277078085645,1.8424782806016367,4.622691819707923,3.5198989260897195,27860.00000000013,0.0788385875790627,7915.0,1588,212.47767857142864,-172.54042288557204,17.544080604534084,7.727959697732998,10085.0,-2875.0
60,2.0,0.5,2,4.0,0.75,3,0,3.0,25,0.04,1.0,True,False,1.2008325974517484,0.49370277078085645,1.8424782806016367,4.622691819707923,3.5198989260897195,27860.00000000013,0.0788385875790627,7915.0,1588,212.47767857142864,-172.54042288557204,17.544080604534084,7.727959697732998,10085.0,-2875.0
60,2.0,0.5,2,4.0,0.75,3,0,3.0,25,0.02,1.5,True,True,1.2267052423032174,0.507177033492823,1.7978761342146974,3.088480493916693,2.53302881236824,18022.50000000003,0.07089831099596433,7115.0,836,230.00000000000006,-192.95509708737865,21.558014354067012,10.64952153110048,3470.0,-3040.0
60,2.0,0.5,2,4.0,0.75,3,0,3.0,25,0.02,1.3,True,True,1.3064851923177014,0.49895833333333334,1.970622454332736,5.758694562975863,4.611198120595143,29442.499999999985,0.06359878480003985,6385.0,960,262.01983298538624,-199.71933471933474,30.66927083333332,9.83125,10085.0,-1985.0
60,2.0,0.5,2,4.0,0.75,3,0,3.0,25,0.04,1.3,True,True,1.3064851923177014,0.49895833333333334,1.970622454332736,5.758694562975863,4.611198120595143,29442.499999999985,0.06359878480003985,6385.0,960,262.01983298538624,-199.71933471933474,30.66927083333332,9.83125,10085.0,-1985.0
60,2.0,0.5,2,4.0,0.75,3,0,3.0,25,0.04,1.3,True,False,1.2760754074107283,0.495928338762215,2.177349814928519,6.318189606681938,4.822239624119031,30790.000000000015,0.06359878480003985,6385.0,1228,233.6904761904762,-180.17366720516964,25.07328990228014,8.693811074918568,10085.0,-1985.0
60,2.0,0.5,2,4.0,0.75,3,0,3.0,25,0.02,1.5,False,False,1.1592699087385918,0.5093632958801498,2.18719996614811,3.741945007540045,2.360716491661514,19109.999999999956,0.0802876270766179,8095.0,1068,255.689338235294,-228.9790076335878,17.893258426966252,12.435393258426966,3590.0,-3755.0
60,2.0,0.5,2,4.0,0.75,3,0,3.0,25,0.04,1.0,True,True,1.2342498518794858,0.49742268041237114,1.687447900751838,4.336707263933087,3.371762476310817,26687.500000000116,0.0788385875790627,7915.0,1164,242.8583765112264,-194.7478632478632,22.927405498281885,8.874570446735396,10085.0,-2875.0
60,2.0,0.5,2,4.0,0.75,3,0,3.0,25,0.02,1.5,False,True,1.2523167542590181,0.5248815165876777,2.3763487799361895,4.171606130790177,3.1173149309912045,24844.999999999898,0.07904785519464419,7970.0,844,278.3577878103838,-245.55486284289304,29.437203791469077,13.906398104265403,3870.0,-3425.0
60,2.0,0.5,2,4.0,0.75,3,0,3.0,25,0.04,1.5,False,True,1.2527500444579924,0.5248815165876777,2.33780209386561,4.099405255449577,3.1207653701380047,24872.499999999898,0.07904785519464419,7970.0,844,278.2844243792326,-245.40523690773097,29.469786729857702,13.89218009478673,3870.0,-3425.0
60,2.0,0.5,2,4.0,0.75,3,0,3.0,40,0.01,1.0,False,True,1.1635708060629877,0.4991349480968858,1.9565619507051661,4.599344798549559,3.810509554140118,23929.99999999994,0.05815353273451245,6280.0,1156,295.021663778163,-252.67271157167545,20.700692041522437,12.55795847750865,10680.0,-2960.0
60,2.0,0.5,2,4.0,0.75,3,0,3.0,25,0.04,1.5,True,True,1.2267052423032174,0.507177033492823,1.7978761342146974,3.088480493916693,2.53302881236824,18022.50000000003,0.07089831099596433,7115.0,836,230.00000000000006,-192.95509708737865,21.558014354067012,10.64952153110048,3470.0,-3040.0
60,2.0,0.5,2,4.0,0.75,3,0,3.0,40,0.01,1.0,True,True,1.2342498518794858,0.49742268041237114,1.687447900751838,4.336707263933087,3.371762476310817,26687.500000000116,0.0788385875790627,7915.0,1164,242.8583765112264,-194.7478632478632,22.927405498281885,8.874570446735396,10085.0,-2875.0
60,2.0,0.5,2,4.0,0.75,3,0,3.0,25,0.04,1.3,False,False,1.1294914801648883,0.49271844660194175,1.838051247123372,4.437569187651148,3.172117743254269,19397.499999999854,0.056085481060258645,6115.0,1236,277.82430213464676,-238.91148325358856,15.693770226537103,12.059061488673139,10680.0,-3755.0
60,2.0,0.5,2,4.0,0.75,3,0,3.0,25,0.04,1.0,False,True,1.164483260553129,0.4991349480968858,1.9302872161408338,4.546565594389056,3.8823767178657973,24012.499999999956,0.057273821650152795,6185.0,1156,294.62738301559796,-252.13730569948203,20.772058823529374,12.512975778546712,10680.0,-2960.0
60,2.0,0.5,2,4.0,0.75,3,0,3.0,25,0.04,1.0,False,False,1.0939175398013332,0.4873417721518987,1.6015358331814453,3.52182916692561,2.648503453568681,17254.999999999956,0.06024040684234859,6515.0,1580,261.0129870129869,-226.82098765432096,10.920886075949339,11.213291139240507,10680.0,-3290.0
60,2.0,0.5,2,4.0,0.75,3,0,3.0,25,0.04,1.5,True,False,1.1821989808169484,0.49809160305343514,1.9107423462228534,3.314702602046106,2.6843553459119636,17072.500000000087,0.06337501868367296,6360.0,1048,212.21264367816107,-178.14163498098853,16.29055343511459,9.395038167938932,3470.0,-3040.0
60,2.0,0.5,2,4.0,0.75,3,0,4.0,15,0.04,1.0,True,True,1.173002609241339,0.47485207100591714,0.9806360681282543,2.3622235214249803,1.598901098901106,13095.000000000058,0.0819,8190.0,676,276.59657320872293,-213.21830985915494,19.37130177514802,12.075443786982248,10085.0,-3040.0
60,2.0,0.5,2,4.0,0.75,3,0,3.0,25,0.04,1.5,False,False,1.1615929462401535,0.5093632958801498,2.1668082829266444,3.7107088256557677,2.3885114268066654,19334.999999999956,0.0802876270766179,8095.0,1068,255.4917279411764,-228.34446564885496,18.10393258426962,12.420411985018726,3590.0,-3755.0
60,2.0,0.5,2,4.0,0.75,3,0,4.0,15,0.01,1.3,True,False,1.2393741755825887,0.4811320754716981,1.394988029945889,3.7876614886095514,2.6449392712550632,16332.500000000015,0.06175,6175.0,636,276.3480392156863,-206.75757575757572,25.680031446540905,12.584905660377359,10085.0,-3040.0
60,2.0,0.5,2,4.0,0.75,3,0,3.0,40,0.02,1.5,False,False,1.1611423806545755,0.5093632958801498,2.2036361658685095,3.776820654763937,2.38727609635577,19324.999999999956,0.0802876270766179,8095.0,1068,255.9742647058823,-228.8645038167939,18.09456928838947,12.472846441947565,3590.0,-3755.0
60,2.0,0.5,2,4.0,0.75,3,0,4.0,15,0.01,1.5,False,True,1.0814663951120174,0.496,0.868899285012546,1.4489765082812198,0.5872756933115902,5400.000000000073,0.0910080665116049,9195.0,500,289.0524193548389,-263.03571428571416,10.800000000000136,17.784,3785.0,-2575.0
60,2.0,0.5,2,4.0,0.75,3,0,3.0,25,0.04,1.3,False,True,1.2188679245283005,0.5072916666666667,2.0907397325294084,5.368850523881229,4.136536994660542,27114.999999999854,0.06019283746556474,6555.0,960,310.06673511293627,-261.91860465116304,28.24479166666652,13.363541666666666,10680.0,-3425.0
60,2.0,0.5,2,4.0,0.75,3,0,3.0,40,0.04,1.0,False,True,1.1635708060629877,0.4991349480968858,1.9565619507051661,4.599344798549559,3.810509554140118,23929.99999999994,0.05815353273451245,6280.0,1156,295.021663778163,-252.67271157167545,20.700692041522437,12.55795847750865,10680.0,-2960.0
60,2.0,0.5,2,4.0,0.75,3,0,4.0,15,0.02,1.3,False,True,1.122569737954354,0.48392857142857143,1.1601873517855847,2.9578163183218664,1.3688469318948158,10150.000000000058,0.0680774880646346,7415.0,560,343.0258302583027,-286.5397923875432,18.1250000000001,16.8,10680.0,-2575.0
60,2.0,0.5,2,4.0,0.75,3,0,4.0,15,0.04,1.3,True,True,1.2396796796796798,0.48007246376811596,1.2041877977754154,3.2740752028760722,2.4234817813765206,14965.000000000015,0.06175,6175.0,552,292.0849056603773,-217.55226480836225,27.11050724637683,13.844202898550725,10085.0,-3040.0
60,2.0,0.5,2,4.0,0.75,3,0,4.0,15,0.01,1.0,True,True,1.173002609241339,0.47485207100591714,0.9806360681282543,2.3622235214249803,1.598901098901106,13095.000000000058,0.0819,8190.0,676,276.59657320872293,-213.21830985915494,19.37130177514802,12.075443786982248,10085.0,-3040.0
60,2.0,0.5,2,4.0,0.75,3,0,4.0,15,0.02,1.0,False,False,1.1350050781061096,0.4748743718592965,1.3645807767400153,3.2063935407253528,1.836513157894756,13957.500000000146,0.07090213639332027,7600.0,796,310.42989417989446,-247.3325358851674,17.53454773869364,14.100502512562814,10680.0,-2875.0
60,2.0,0.5,2,4.0,0.75,3,0,3.0,40,0.01,1.0,True,False,1.2008325974517484,0.49370277078085645,1.8424782806016367,4.622691819707923,3.5198989260897195,27860.00000000013,0.0788385875790627,7915.0,1588,212.47767857142864,-172.54042288557204,17.544080604534084,7.727959697732998,10085.0,-2875.0
60,2.0,0.5,2,4.0,0.75,3,0,4.0,15,0.01,1.0,False,False,1.1350050781061096,0.4748743718592965,1.3645807767400153,3.2063935407253528,1.836513157894756,13957.500000000146,0.07090213639332027,7600.0,796,310.42989417989446,-247.3325358851674,17.53454773869364,14.100502512562814,10680.0,-2875.0
60,2.0,0.5,2,4.0,0.75,3,0,3.0,40,0.02,1.5,True,True,1.2267052423032174,0.507177033492823,1.7978761342146974,3.088480493916693,2.53302881236824,18022.50000000003,0.07089831099596433,7115.0,836,230.00000000000006,-192.95509708737865,21.558014354067012,10.64952153110048,3470.0,-3040.0
60,2.0,0.5,2,4.0,0.75,3,0,3.0,40,0.01,1.3,True,True,1.3064851923177014,0.49895833333333334,1.970622454332736,5.758694562975863,4.611198120595143,29442.499999999985,0.06359878480003985,6385.0,960,262.01983298538624,-199.71933471933474,30.66927083333332,9.83125,10085.0,-1985.0
60,2.0,0.5,2,4.0,0.75,3,0,3.0,40,0.01,1.3,True,False,1.2760754074107283,0.495928338762215,2.177349814928519,6.318189606681938,4.822239624119031,30790.000000000015,0.06359878480003985,6385.0,1228,233.6904761904762,-180.17366720516964,25.07328990228014,8.693811074918568,10085.0,-1985.0
60,2.0,0.5,2,4.0,0.75,3,0,3.0,40,0.01,1.5,True,True,1.2267052423032174,0.507177033492823,1.7978761342146974,3.088480493916693,2.53302881236824,18022.50000000003,0.07089831099596433,7115.0,836,230.00000000000006,-192.95509708737865,21.558014354067012,10.64952153110048,3470.0,-3040.0
60,2.0,0.5,2,4.0,0.75,3,0,3.0,40,0.01,1.5,False,True,1.253177401760571,0.5248815165876777,2.385336790050326,4.1912162450802155,3.130489335006261,24949.999999999898,0.07904785519464419,7970.0,844,278.7753950338601,-245.75436408977586,29.56161137440746,13.949052132701421,3870.0,-3425.0
60,2.0,0.5,2,4.0,0.75,3,0,3.0,40,0.01,1.5,True,False,1.1821989808169484,0.49809160305343514,1.9107423462228534,3.314702602046106,2.6843553459119636,17072.500000000087,0.06337501868367296,6360.0,1048,212.21264367816107,-178.14163498098853,16.29055343511459,9.395038167938932,3470.0,-3040.0
60,2.0,0.5,2,4.0,0.75,3,0,3.0,40,0.01,1.5,False,False,1.1611423806545755,0.5093632958801498,2.2036361658685095,3.776820654763937,2.38727609635577,19324.999999999956,0.0802876270766179,8095.0,1068,255.9742647058823,-228.8645038167939,18.09456928838947,12.472846441947565,3590.0,-3755.0
60,2.0,0.5,2,4.0,0.75,3,0,3.0,40,0.02,1.0,False,True,1.1635708060629877,0.4991349480968858,1.9565619507051661,4.599344798549559,3.810509554140118,23929.99999999994,0.05815353273451245,6280.0,1156,295.021663778163,-252.67271157167545,20.700692041522437,12.55795847750865,10680.0,-2960.0
60,2.0,0.5,2,4.0,0.75,3,0,3.0,40,0.02,1.3,True,True,1.3064851923177014,0.49895833333333334,1.970622454332736,5.758694562975863,4.611198120595143,29442.499999999985,0.06359878480003985,6385.0,960,262.01983298538624,-199.71933471933474,30.66927083333332,9.83125,10085.0,-1985.0
60,2.0,0.5,2,4.0,0.75,3,0,3.0,40,0.01,1.3,False,False,1.127978567625132,0.49271844660194175,1.8578393788746932,4.4716914042089355,3.0962157809983664,19227.499999999854,0.056956800880491605,6210.0,1236,278.2717569786533,-239.61722488038282,15.55622977346266,12.107605177993527,10680.0,-3755.0
60,2.0,0.5,2,4.0,0.75,3,0,3.0,40,0.02,1.3,False,True,1.2176573602528218,0.5072916666666667,2.11665417417466,5.423024757781228,4.065037593984938,27032.49999999984,0.06106519742883379,6650.0,960,310.5338809034907,-262.5739957716704,28.1588541666665,13.417708333333334,10680.0,-3425.0
60,2.0,0.5,2,4.0,0.75,3,0,3.0,40,0.01,1.0,False,False,1.0927688110008549,0.4873417721518987,1.6217463340208844,3.557569600585229,2.5847201210287354,17084.99999999994,0.061118816458622285,6610.0,1580,261.366883116883,-227.36728395061724,10.81329113924047,11.25126582278481,10680.0,-3290.0
60,2.0,0.5,2,4.0,0.75,3,0,3.0,40,0.02,1.0,True,True,1.2342498518794858,0.49742268041237114,1.687447900751838,4.336707263933087,3.371762476310817,26687.500000000116,0.0788385875790627,7915.0,1164,242.8583765112264,-194.7478632478632,22.927405498281885,8.874570446735396,10085.0,-2875.0
60,2.0,0.5,2,4.0,0.75,3,0,3.0,40,0.02,1.3,True,False,1.2760754074107283,0.495928338762215,2.177349814928519,6.318189606681938,4.822239624119031,30790.000000000015,0.06359878480003985,6385.0,1228,233.6904761904762,-180.17366720516964,25.07328990228014,8.693811074918568,10085.0,-1985.0
60,2.0,0.5,2,4.0,0.75,3,0,4.0,15,0.02,1.3,False,False,1.1592670488922192,0.4829192546583851,1.4773947850423268,3.860540399720994,1.8475935828877121,13820.000000000087,0.06851385390428212,7480.0,644,323.44855305466257,-260.57807807807797,21.459627329192685,15.391304347826088,10680.0,-2575.0
60,2.0,0.5,2,4.0,0.75,3,0,3.0,40,0.02,1.3,False,False,1.127978567625132,0.49271844660194175,1.8578393788746932,4.4716914042089355,3.0962157809983664,19227.499999999854,0.056956800880491605,6210.0,1236,278.2717569786533,-239.61722488038282,15.55622977346266,12.107605177993527,10680.0,-3755.0
60,2.0,0.5,2,4.0,0.75,3,0,3.0,40,0.02,1.0,False,False,1.0927688110008549,0.4873417721518987,1.6217463340208844,3.557569600585229,2.5847201210287354,17084.99999999994,0.061118816458622285,6610.0,1580,261.366883116883,-227.36728395061724,10.81329113924047,11.25126582278481,10680.0,-3290.0
60,2.0,0.5,2,4.0,0.75,3,0,3.0,40,0.02,1.0,True,False,1.2008325974517484,0.49370277078085645,1.8424782806016367,4.622691819707923,3.5198989260897195,27860.00000000013,0.0788385875790627,7915.0,1588,212.47767857142864,-172.54042288557204,17.544080604534084,7.727959697732998,10085.0,-2875.0
60,2.0,0.5,2,4.0,0.75,3,0,4.0,15,0.01,1.3,False,True,1.122569737954354,0.48392857142857143,1.1601873517855847,2.9578163183218664,1.3688469318948158,10150.000000000058,0.0680774880646346,7415.0,560,343.0258302583027,-286.5397923875432,18.1250000000001,16.8,10680.0,-2575.0
60,2.0,0.5,2,4.0,0.75,3,0,3.0,40,0.02,1.5,True,False,1.1821989808169484,0.49809160305343514,1.9107423462228534,3.314702602046106,2.6843553459119636,17072.500000000087,0.06337501868367296,6360.0,1048,212.21264367816107,-178.14163498098853,16.29055343511459,9.395038167938932,3470.0,-3040.0
60,2.0,0.5,2,4.0,0.75,3,0,3.0,40,0.02,1.5,False,True,1.253177401760571,0.5248815165876777,2.385336790050326,4.1912162450802155,3.130489335006261,24949.999999999898,0.07904785519464419,7970.0,844,278.7753950338601,-245.75436408977586,29.56161137440746,13.949052132701421,3870.0,-3425.0
60,2.0,0.5,2,4.0,0.75,3,0,3.0,40,0.04,1.3,False,False,1.127978567625132,0.49271844660194175,1.8578393788746932,4.4716914042089355,3.0962157809983664,19227.499999999854,0.056956800880491605,6210.0,1236,278.2717569786533,-239.61722488038282,15.55622977346266,12.107605177993527,10680.0,-3755.0
60,2.0,0.5,2,4.0,0.75,3,0,3.0,40,0.04,1.5,False,True,1.253177401760571,0.5248815165876777,2.385336790050326,4.1912162450802155,3.130489335006261,24949.999999999898,0.07904785519464419,7970.0,844,278.7753950338601,-245.75436408977586,29.56161137440746,13.949052132701421,3870.0,-3425.0
60,2.0,0.5,2,4.0,0.75,3,0,4.0,15,0.02,1.3,True,True,1.2396796796796798,0.48007246376811596,1.2041877977754154,3.2740752028760722,2.4234817813765206,14965.000000000015,0.06175,6175.0,552,292.0849056603773,-217.55226480836225,27.11050724637683,13.844202898550725,10085.0,-3040.0
60,2.0,0.5,2,4.0,0.75,3,0,3.0,40,0.04,1.0,True,True,1.2342498518794858,0.49742268041237114,1.687447900751838,4.336707263933087,3.371762476310817,26687.500000000116,0.0788385875790627,7915.0,1164,242.8583765112264,-194.7478632478632,22.927405498281885,8.874570446735396,10085.0,-2875.0
60,2.0,0.5,2,4.0,0.75,3,0,3.0,40,0.04,1.3,True,False,1.2760754074107283,0.495928338762215,2.177349814928519,6.318189606681938,4.822239624119031,30790.000000000015,0.06359878480003985,6385.0,1228,233.6904761904762,-180.17366720516964,25.07328990228014,8.693811074918568,10085.0,-1985.0
60,2.0,0.5,2,4.0,0.75,3,0,3.0,40,0.04,1.5,True,True,1.2267052423032174,0.507177033492823,1.7978761342146974,3.088480493916693,2.53302881236824,18022.50000000003,0.07089831099596433,7115.0,836,230.00000000000006,-192.95509708737865,21.558014354067012,10.64952153110048,3470.0,-3040.0
60,2.0,0.5,2,4.0,0.75,3,0,3.0,40,0.04,1.3,False,True,1.2176573602528218,0.5072916666666667,2.11665417417466,5.423024757781228,4.065037593984938,27032.49999999984,0.06106519742883379,6650.0,960,310.5338809034907,-262.5739957716704,28.1588541666665,13.417708333333334,10680.0,-3425.0
60,2.0,0.5,2,4.0,0.75,3,0,3.0,40,0.04,1.0,True,False,1.2008325974517484,0.49370277078085645,1.8424782806016367,4.622691819707923,3.5198989260897195,27860.00000000013,0.0788385875790627,7915.0,1588,212.47767857142864,-172.54042288557204,17.544080604534084,7.727959697732998,10085.0,-2875.0
60,2.0,0.5,2,4.0,0.75,3,0,3.0,40,0.04,1.0,False,False,1.0927688110008549,0.4873417721518987,1.6217463340208844,3.557569600585229,2.5847201210287354,17084.99999999994,0.061118816458622285,6610.0,1580,261.366883116883,-227.36728395061724,10.81329113924047,11.25126582278481,10680.0,-3290.0
60,2.0,0.5,2,4.0,0.75,3,0,3.0,40,0.04,1.5,True,False,1.1821989808169484,0.49809160305343514,1.9107423462228534,3.314702602046106,2.6843553459119636,17072.500000000087,0.06337501868367296,6360.0,1048,212.21264367816107,-178.14163498098853,16.29055343511459,9.395038167938932,3470.0,-3040.0
60,2.0,0.5,2,4.0,0.75,3,0,3.0,40,0.04,1.3,True,True,1.3064851923177014,0.49895833333333334,1.970622454332736,5.758694562975863,4.611198120595143,29442.499999999985,0.06359878480003985,6385.0,960,262.01983298538624,-199.71933471933474,30.66927083333332,9.83125,10085.0,-1985.0
60,2.0,0.5,2,4.0,0.75,3,0,4.0,15,0.01,1.0,True,False,1.177971692455321,0.4784263959390863,1.2159563025344748,2.9127338150504603,1.8116605616605723,14837.500000000087,0.0819,8190.0,788,260.4973474801064,-202.84671532846716,18.8293147208123,10.988578680203046,10085.0,-3040.0
60,2.0,0.5,2,4.0,0.75,3,0,4.0,15,0.01,1.0,False,True,1.1008762833143222,0.4766081871345029,1.0380531792309402,2.402886933650004,1.3065815983881917,9727.500000000087,0.06962173282835367,7445.0,684,325.6365030674849,-269.3575418994413,14.221491228070306,15.350877192982455,10680.0,-2875.0
60,2.0,0.5,2,4.0,0.75,3,0,4.0,15,0.01,1.3,True,True,1.2396796796796798,0.48007246376811596,1.2041877977754154,3.2740752028760722,2.4234817813765206,14965.000000000015,0.06175,6175.0,552,292.0849056603773,-217.55226480836225,27.11050724637683,13.844202898550725,10085.0,-3040.0
60,2.0,0.5,2,4.0,0.75,3,0,4.0,15,0.04,1.5,True,True,1.1008811195401218,0.49390243902439024,0.8431718001225564,1.37608739899942,0.7327173169062307,5352.500000000015,0.07305,7305.0,492,240.37037037037032,-213.082329317269,10.879065040650435,14.99390243902439,3470.0,-3040.0
60,2.0,0.5,2,4.0,0.75,3,0,4.0,15,0.01,1.3,False,False,1.1592670488922192,0.4829192546583851,1.4773947850423268,3.860540399720994,1.8475935828877121,13820.000000000087,0.06851385390428212,7480.0,644,323.44855305466257,-260.57807807807797,21.459627329192685,15.391304347826088,10680.0,-2575.0
60,2.0,0.5,2,4.0,0.75,3,0,4.0,15,0.01,1.5,True,True,1.1008811195401218,0.49390243902439024,0.8431718001225564,1.37608739899942,0.7327173169062307,5352.500000000015,0.07305,7305.0,492,240.37037037037032,-213.082329317269,10.879065040650435,14.99390243902439,3470.0,-3040.0
60,2.0,0.5,2,4.0,0.75,3,0,4.0,15,0.01,1.5,True,False,1.129788450543168,0.4892086330935252,1.1978614863240653,1.9891779290124352,1.0175862068965558,7377.500000000029,0.0725,7250.0,556,236.10294117647058,-200.14964788732388,13.26888489208638,13.757194244604317,3470.0,-3040.0
60,2.0,0.5,2,4.0,0.75,3,0,3.0,40,0.04,1.5,False,False,1.1611423806545755,0.5093632958801498,2.2036361658685095,3.776820654763937,2.38727609635577,19324.999999999956,0.0802876270766179,8095.0,1068,255.9742647058823,-228.8645038167939,18.09456928838947,12.472846441947565,3590.0,-3755.0
60,2.0,0.5,2,4.0,0.75,3,0,4.0,15,0.02,1.0,True,False,1.177971692455321,0.4784263959390863,1.2159563025344748,2.9127338150504603,1.8116605616605723,14837.500000000087,0.0819,8190.0,788,260.4973474801064,-202.84671532846716,18.8293147208123,10.988578680203046,10085.0,-3040.0
60,2.0,0.5,2,4.0,0.75,3,0,4.0,15,0.01,1.5,False,False,1.1617005545286525,0.49645390070921985,1.5017696934494773,2.6164431053709145,1.2143253747917953,10935.000000000116,0.08912753006383926,9005.0,564,280.5714285714288,-238.1161971830984,19.38829787234062,16.49645390070922,3785.0,-2575.0
60,2.0,0.5,2,4.0,0.75,3,0,4.0,15,0.02,1.0,True,True,1.173002609241339,0.47485207100591714,0.9806360681282543,2.3622235214249803,1.598901098901106,13095.000000000058,0.0819,8190.0,676,276.59657320872293,-213.21830985915494,19.37130177514802,12.075443786982248,10085.0,-3040.0
60,2.0,0.5,2,4.0,0.75,3,0,4.0,15,0.02,1.0,False,True,1.1008762833143222,0.4766081871345029,1.0380531792309402,2.402886933650004,1.3065815983881917,9727.500000000087,0.06962173282835367,7445.0,684,325.6365030674849,-269.3575418994413,14.221491228070306,15.350877192982455,10680.0,-2875.0
60,2.0,0.5,2,4.0,0.75,3,0,4.0,15,0.02,1.5,True,True,1.1008811195401218,0.49390243902439024,0.8431718001225564,1.37608739899942,0.7327173169062307,5352.500000000015,0.07305,7305.0,492,240.37037037037032,-213.082329317269,10.879065040650435,14.99390243902439,3470.0,-3040.0
60,2.0,0.5,2,4.0,0.75,3,0,4.0,15,0.02,1.3,True,False,1.2393741755825887,0.4811320754716981,1.394988029945889,3.7876614886095514,2.6449392712550632,16332.500000000015,0.06175,6175.0,636,276.3480392156863,-206.75757575757572,25.680031446540905,12.584905660377359,10085.0,-3040.0
60,2.0,0.5,2,4.0,0.75,3,0,4.0,25,0.01,1.0,False,True,1.1043679235483546,0.47953216374269003,1.0573433036757867,2.449824752436176,1.3495634654130406,10047.500000000087,0.06962173282835367,7445.0,684,324.13871951219534,-270.4213483146067,14.689327485380247,15.374269005847953,10680.0,-2875.0
60,2.0,0.5,2,4.0,0.75,3,0,3.0,40,0.01,1.3,False,True,1.2176573602528218,0.5072916666666667,2.11665417417466,5.423024757781228,4.065037593984938,27032.49999999984,0.06106519742883379,6650.0,960,310.5338809034907,-262.5739957716704,28.1588541666665,13.417708333333334,10680.0,-3425.0
60,2.0,0.5,2,4.0,0.75,3,0,4.0,15,0.02,1.5,False,True,1.0814663951120174,0.496,0.868899285012546,1.4489765082812198,0.5872756933115902,5400.000000000073,0.0910080665116049,9195.0,500,289.0524193548389,-263.03571428571416,10.800000000000136,17.784,3785.0,-2575.0
60,2.0,0.5,2,4.0,0.75,3,0,4.0,25,0.01,1.0,False,False,1.138314361830953,0.47738693467336685,1.3834474923995963,3.253619492100378,1.8786184210526506,14277.500000000146,0.07090213639332027,7600.0,796,309.21710526315815,-248.13701923076917,17.936557788944896,14.120603015075377,10680.0,-2875.0
60,2.0,0.5,2,4.0,0.75,3,0,4.0,15,0.02,1.5,False,False,1.1617005545286525,0.49645390070921985,1.5017696934494773,2.6164431053709145,1.2143253747917953,10935.000000000116,0.08912753006383926,9005.0,564,280.5714285714288,-238.1161971830984,19.38829787234062,16.49645390070922,3785.0,-2575.0
60,2.0,0.5,2,4.0,0.75,3,0,4.0,15,0.02,1.5,True,False,1.129788450543168,0.4892086330935252,1.1978614863240653,1.9891779290124352,1.0175862068965558,7377.500000000029,0.0725,7250.0,556,236.10294117647058,-200.14964788732388,13.26888489208638,13.757194244604317,3470.0,-3040.0
60,2.0,0.5,2,4.0,0.75,3,0,4.0,15,0.04,1.0,True,False,1.177971692455321,0.4784263959390863,1.2159563025344748,2.9127338150504603,1.8116605616605723,14837.500000000087,0.0819,8190.0,788,260.4973474801064,-202.84671532846716,18.8293147208123,10.988578680203046,10085.0,-3040.0
60,2.0,0.5,2,4.0,0.75,3,0,4.0,15,0.04,1.0,False,True,1.0924956369982555,0.4766081871345029,1.0063640665005362,2.321613103641121,1.2102081934184095,9010.000000000058,0.06962173282835367,7445.0,684,326.44171779141124,-272.0949720670391,13.172514619883136,15.304093567251462,10680.0,-2875.0
60,2.0,0.5,2,4.0,0.75,3,0,4.0,15,0.04,1.0,False,False,1.1268624538877987,0.4748743718592965,1.3326500286683967,3.1200900045706774,1.7421052631579101,13240.000000000116,0.07090213639332027,7600.0,796,311.12433862433886,-249.6770334928229,16.633165829145874,14.06030150753769,10680.0,-2875.0
60,2.0,0.5,2,4.0,0.75,3,0,4.0,25,0.01,1.0,True,False,1.177971692455321,0.4784263959390863,1.2159563025344748,2.9127338150504603,1.8116605616605723,14837.500000000087,0.0819,8190.0,788,260.4973474801064,-202.84671532846716,18.8293147208123,10.988578680203046,10085.0,-3040.0
60,2.0,0.5,2,4.0,0.75,3,0,4.0,15,0.04,1.3,True,False,1.2393741755825887,0.4811320754716981,1.394988029945889,3.7876614886095514,2.6449392712550632,16332.500000000015,0.06175,6175.0,636,276.3480392156863,-206.75757575757572,25.680031446540905,12.584905660377359,10085.0,-3040.0
60,2.0,0.5,2,4.0,0.75,3,0,4.0,25,0.01,1.3,True,False,1.2393741755825887,0.4811320754716981,1.394988029945889,3.7876614886095514,2.6449392712550632,16332.500000000015,0.06175,6175.0,636,276.3480392156863,-206.75757575757572,25.680031446540905,12.584905660377359,10085.0,-3040.0
60,2.0,0.5,2,4.0,0.75,3,0,4.0,15,0.04,1.5,True,False,1.129788450543168,0.4892086330935252,1.1978614863240653,1.9891779290124352,1.0175862068965558,7377.500000000029,0.0725,7250.0,556,236.10294117647058,-200.14964788732388,13.26888489208638,13.757194244604317,3470.0,-3040.0
60,2.0,0.5,2,4.0,0.75,3,0,4.0,15,0.04,1.3,False,False,1.1621535888340984,0.4829192546583851,1.4842644942441439,3.880900569934165,1.879344919786106,14057.500000000073,0.06851385390428212,7480.0,644,323.95498392282974,-260.33783783783775,21.828416149068435,15.366459627329192,10680.0,-2575.0
60,2.0,0.5,2,4.0,0.75,3,0,4.0,15,0.04,1.3,False,True,1.125559047503929,0.48392857142857143,1.1672065488345327,2.9782180468286925,1.4008766014834853,10387.500000000044,0.0680774880646346,7415.0,560,343.60701107011073,-286.2629757785466,18.54910714285721,16.771428571428572,10680.0,-2575.0
60,2.0,0.5,2,4.0,0.75,3,0,4.0,25,0.02,1.3,True,True,1.2396796796796798,0.48007246376811596,1.2041877977754154,3.2740752028760722,2.4234817813765206,14965.000000000015,0.06175,6175.0,552,292.0849056603773,-217.55226480836225,27.11050724637683,13.844202898550725,10085.0,-3040.0
60,2.0,0.5,2,4.0,0.75,3,0,4.0,15,0.04,1.5,False,False,1.1654082463542836,0.49645390070921985,1.512921297398704,2.638158258189426,1.2406996113270503,11172.500000000087,0.08912753006383926,9005.0,564,281.1339285714287,-237.83450704225336,19.809397163120728,16.46808510638298,3785.0,-2575.0
60,2.0,0.5,2,4.0,0.75,3,0,4.0,15,0.04,1.5,False,True,1.085152178838457,0.496,0.8804001715768355,1.469554066931438,0.6131049483414946,5637.500000000044,0.0910080665116049,9195.0,500,289.6875000000001,-262.7182539682539,11.2750000000001,17.752,3785.0,-2575.0
60,2.0,0.5,2,4.0,0.75,3,0,4.0,25,0.01,1.0,True,True,1.173002609241339,0.47485207100591714,0.9806360681282543,2.3622235214249803,1.598901098901106,13095.000000000058,0.0819,8190.0,676,276.59657320872293,-213.21830985915494,19.37130177514802,12.075443786982248,10085.0,-3040.0
60,2.0,0.5,2,4.0,0.75,3,0,4.0,25,0.02,1.0,False,True,1.1043679235483546,0.47953216374269003,1.0573433036757867,2.449824752436176,1.3495634654130406,10047.500000000087,0.06962173282835367,7445.0,684,324.13871951219534,-270.4213483146067,14.689327485380247,15.374269005847953,10680.0,-2875.0
60,2.0,0.5,2,4.0,0.75,3,0,4.0,25,0.01,1.5,False,False,1.1668272437560234,0.5,1.5319140353008762,2.6761696800630017,1.2498611882287747,11255.000000000116,0.08912753006383926,9005.0,564,279.14893617021295,-239.23758865248206,19.95567375886544,16.52482269503546,3785.0,-2575.0
60,2.0,0.5,2,4.0,0.75,3,0,4.0,25,0.01,1.5,False,True,1.0865028355387536,0.5,0.900705465320577,1.5062125865709146,0.6220772158782026,5720.000000000073,0.0910080665116049,9195.0,500,287.38000000000017,-264.4999999999999,11.440000000000136,17.816,3785.0,-2575.0
60,2.0,0.5,2,4.0,0.75,3,0,4.0,25,0.01,1.3,False,True,1.1266787658802184,0.4875,1.179932661564773,3.011118730634338,1.4120026972353417,10470.000000000058,0.0680774880646346,7415.0,560,341.0989010989012,-287.979094076655,18.696428571428672,16.82857142857143,10680.0,-2575.0
60,2.0,0.5,2,4.0,0.75,3,0,4.0,25,0.02,1.5,True,True,1.1008811195401218,0.49390243902439024,0.8431718001225564,1.37608739899942,0.7327173169062307,5352.500000000015,0.07305,7305.0,492,240.37037037037032,-213.082329317269,10.879065040650435,14.99390243902439,3470.0,-3040.0
60,2.0,0.5,2,4.0,0.75,3,0,4.0,25,0.01,1.5,True,False,1.129788450543168,0.4892086330935252,1.1978614863240653,1.9891779290124352,1.0175862068965558,7377.500000000029,0.0725,7250.0,556,236.10294117647058,-200.14964788732388,13.26888489208638,13.757194244604317,3470.0,-3040.0
60,2.0,0.5,2,4.0,0.75,3,0,4.0,40,0.01,1.0,False,False,1.139223658099803,0.47738693467336685,1.390573811792071,3.271847052280212,1.892434210526333,14382.500000000131,0.07090213639332027,7600.0,796,309.7039473684213,-248.32932692307685,18.06846733668358,14.165829145728644,10680.0,-2875.0
60,2.0,0.5,2,4.0,0.75,3,0,4.0,25,0.04,1.5,True,False,1.129788450543168,0.4892086330935252,1.1978614863240653,1.9891779290124352,1.0175862068965558,7377.500000000029,0.0725,7250.0,556,236.10294117647058,-200.14964788732388,13.26888489208638,13.757194244604317,3470.0,-3040.0
60,2.0,0.5,2,4.0,0.75,3,0,4.0,40,0.01,1.5,False,False,1.1681841735139553,0.5,1.543036502359095,2.6992220422248603,1.261521377012782,11360.000000000102,0.08912753006383926,9005.0,564,279.8049645390073,-239.52127659574452,20.14184397163138,16.588652482269502,3785.0,-2575.0
60,2.0,0.5,2,4.0,0.75,3,0,4.0,40,0.02,1.3,False,True,1.1278254563036392,0.4875,1.1874078803533064,3.031691591526871,1.4261631827376997,10575.000000000044,0.0680774880646346,7415.0,560,341.7765567765569,-288.25783972125424,18.883928571428655,16.892857142857142,10680.0,-2575.0
60,2.0,0.5,2,4.0,0.75,3,0,4.0,25,0.01,1.3,True,True,1.2396796796796798,0.48007246376811596,1.2041877977754154,3.2740752028760722,2.4234817813765206,14965.000000000015,0.06175,6175.0,552,292.0849056603773,-217.55226480836225,27.11050724637683,13.844202898550725,10085.0,-3040.0
60,2.0,0.5,2,4.0,0.75,3,0,4.0,40,0.01,1.5,True,True,1.1008811195401218,0.49390243902439024,0.8431718001225564,1.37608739899942,0.7327173169062307,5352.500000000015,0.07305,7305.0,492,240.37037037037032,-213.082329317269,10.879065040650435,14.99390243902439,3470.0,-3040.0
60,2.0,0.5,2,4.0,0.75,3,0,4.0,25,0.02,1.3,True,False,1.2393741755825887,0.4811320754716981,1.394988029945889,3.7876614886095514,2.6449392712550632,16332.500000000015,0.06175,6175.0,636,276.3480392156863,-206.75757575757572,25.680031446540905,12.584905660377359,10085.0,-3040.0
60,2.0,0.5,2,4.0,0.75,3,0,4.0,40,0.04,1.3,False,False,1.1643164056867674,0.4860248447204969,1.5041220832989886,3.9360124837541433,1.904411764705894,14245.000000000087,0.06851385390428212,7480.0,644,322.4840255591056,-261.9108761329304,22.11956521739143,15.472049689440993,10680.0,-2575.0
60,2.0,0.5,2,4.0,0.75,3,0,4.0,40,0.04,1.5,False,True,1.0879842912166764,0.5,0.9126564318669745,1.528303704507288,0.6334964654703706,5825.000000000058,0.0910080665116049,9195.0,500,288.1200000000002,-264.81999999999994,11.650000000000118,17.888,3785.0,-2575.0
60,2.0,0.5,2,4.0,0.75,3,0,4.0,40,0.02,1.0,False,False,1.139223658099803,0.47738693467336685,1.390573811792071,3.271847052280212,1.892434210526333,14382.500000000131,0.07090213639332027,7600.0,796,309.7039473684213,-248.32932692307685,18.06846733668358,14.165829145728644,10680.0,-2875.0
60,2.0,0.5,2,4.0,0.75,3,0,4.0,40,0.04,1.5,True,False,1.129788450543168,0.4892086330935252,1.1978614863240653,1.9891779290124352,1.0175862068965558,7377.500000000029,0.0725,7250.0,556,236.10294117647058,-200.14964788732388,13.26888489208638,13.757194244604317,3470.0,-3040.0
60,2.0,0.5,2,4.0,0.75,3,0,4.0,40,0.04,1.5,True,True,1.1008811195401218,0.49390243902439024,0.8431718001225564,1.37608739899942,0.7327173169062307,5352.500000000015,0.07305,7305.0,492,240.37037037037032,-213.082329317269,10.879065040650435,14.99390243902439,3470.0,-3040.0
60,2.0,0.5,2,4.0,0.75,3,0,4.0,25,0.04,1.3,False,False,1.163255881079522,0.4860248447204969,1.496809123131647,3.914994941365165,1.890374331550814,14140.000000000087,0.06851385390428212,7480.0,644,321.8929712460066,-261.6691842900301,21.956521739130572,15.416149068322982,10680.0,-2575.0
60,2.0,0.5,2,4.0,0.75,3,0,4.0,40,0.04,1.5,False,False,1.1681841735139553,0.5,1.543036502359095,2.6992220422248603,1.261521377012782,11360.000000000102,0.08912753006383926,9005.0,564,279.8049645390073,-239.52127659574452,20.14184397163138,16.588652482269502,3785.0,-2575.0
60,2.0,0.5,2,4.0,0.75,3,0,4.0,25,0.01,1.5,True,True,1.1008811195401218,0.49390243902439024,0.8431718001225564,1.37608739899942,0.7327173169062307,5352.500000000015,0.07305,7305.0,492,240.37037037037032,-213.082329317269,10.879065040650435,14.99390243902439,3470.0,-3040.0
60,2.0,0.5,2,4.0,0.75,3,0,4.0,40,0.02,1.5,True,False,1.129788450543168,0.4892086330935252,1.1978614863240653,1.9891779290124352,1.0175862068965558,7377.500000000029,0.0725,7250.0,556,236.10294117647058,-200.14964788732388,13.26888489208638,13.757194244604317,3470.0,-3040.0
60,2.0,0.5,2,4.0,0.75,3,0,4.0,25,0.02,1.5,False,False,1.1668272437560234,0.5,1.5319140353008762,2.6761696800630017,1.2498611882287747,11255.000000000116,0.08912753006383926,9005.0,564,279.14893617021295,-239.23758865248206,19.95567375886544,16.52482269503546,3785.0,-2575.0
60,2.0,0.5,2,4.0,0.75,3,0,4.0,25,0.01,1.3,False,False,1.163255881079522,0.4860248447204969,1.496809123131647,3.914994941365165,1.890374331550814,14140.000000000087,0.06851385390428212,7480.0,644,321.8929712460066,-261.6691842900301,21.956521739130572,15.416149068322982,10680.0,-2575.0
60,2.0,0.5,2,4.0,0.75,3,0,4.0,40,0.01,1.5,False,True,1.0879842912166764,0.5,0.9126564318669745,1.528303704507288,0.6334964654703706,5825.000000000058,0.0910080665116049,9195.0,500,288.1200000000002,-264.81999999999994,11.650000000000118,17.888,3785.0,-2575.0
60,2.0,0.5,2,4.0,0.75,3,0,4.0,25,0.04,1.3,True,True,1.2396796796796798,0.48007246376811596,1.2041877977754154,3.2740752028760722,2.4234817813765206,14965.000000000015,0.06175,6175.0,552,292.0849056603773,-217.55226480836225,27.11050724637683,13.844202898550725,10085.0,-3040.0
60,2.0,0.5,2,4.0,0.75,3,0,4.0,25,0.02,1.3,False,True,1.1266787658802184,0.4875,1.179932661564773,3.011118730634338,1.4120026972353417,10470.000000000058,0.0680774880646346,7415.0,560,341.0989010989012,-287.979094076655,18.696428571428672,16.82857142857143,10680.0,-2575.0
60,2.0,0.5,2,4.0,0.75,3,0,4.0,25,0.02,1.0,True,True,1.173002609241339,0.47485207100591714,0.9806360681282543,2.3622235214249803,1.598901098901106,13095.000000000058,0.0819,8190.0,676,276.59657320872293,-213.21830985915494,19.37130177514802,12.075443786982248,10085.0,-3040.0
60,2.0,0.5,2,4.0,0.75,3,0,4.0,25,0.02,1.0,True,False,1.177971692455321,0.4784263959390863,1.2159563025344748,2.9127338150504603,1.8116605616605723,14837.500000000087,0.0819,8190.0,788,260.4973474801064,-202.84671532846716,18.8293147208123,10.988578680203046,10085.0,-3040.0
60,2.0,0.5,2,4.0,0.75,3,0,4.0,25,0.04,1.3,False,True,1.1266787658802184,0.4875,1.179932661564773,3.011118730634338,1.4120026972353417,10470.000000000058,0.0680774880646346,7415.0,560,341.0989010989012,-287.979094076655,18.696428571428672,16.82857142857143,10680.0,-2575.0
60,2.0,0.5,2,4.0,0.75,3,0,4.0,25,0.02,1.3,False,False,1.163255881079522,0.4860248447204969,1.496809123131647,3.914994941365165,1.890374331550814,14140.000000000087,0.06851385390428212,7480.0,644,321.8929712460066,-261.6691842900301,21.956521739130572,15.416149068322982,10680.0,-2575.0
60,2.0,0.5,2,4.0,0.75,3,0,4.0,25,0.02,1.0,False,False,1.138314361830953,0.47738693467336685,1.3834474923995963,3.253619492100378,1.8786184210526506,14277.500000000146,0.07090213639332027,7600.0,796,309.21710526315815,-248.13701923076917,17.936557788944896,14.120603015075377,10680.0,-2875.0
60,2.0,0.5,2,4.0,0.75,3,0,4.0,40,0.01,1.3,True,True,1.2396796796796798,0.48007246376811596,1.2041877977754154,3.2740752028760722,2.4234817813765206,14965.000000000015,0.06175,6175.0,552,292.0849056603773,-217.55226480836225,27.11050724637683,13.844202898550725,10085.0,-3040.0
60,2.0,0.5,2,4.0,0.75,3,0,4.0,40,0.01,1.0,True,False,1.177971692455321,0.4784263959390863,1.2159563025344748,2.9127338150504603,1.8116605616605723,14837.500000000087,0.0819,8190.0,788,260.4973474801064,-202.84671532846716,18.8293147208123,10.988578680203046,10085.0,-3040.0
60,2.0,0.5,2,4.0,0.75,3,0,4.0,40,0.01,1.0,False,True,1.1053710430721335,0.47953216374269003,1.0646647818007984,2.4679411035466283,1.363666890530569,10152.500000000087,0.06962173282835367,7445.0,684,324.70274390243924,-270.64606741573033,14.842836257310058,15.426900584795321,10680.0,-2875.0
60,2.0,0.5,2,4.0,0.75,3,0,4.0,40,0.02,1.0,True,True,1.173002609241339,0.47485207100591714,0.9806360681282543,2.3622235214249803,1.598901098901106,13095.000000000058,0.0819,8190.0,676,276.59657320872293,-213.21830985915494,19.37130177514802,12.075443786982248,10085.0,-3040.0
60,2.0,0.5,2,4.0,0.75,3,0,4.0,25,0.02,1.5,True,False,1.129788450543168,0.4892086330935252,1.1978614863240653,1.9891779290124352,1.0175862068965558,7377.500000000029,0.0725,7250.0,556,236.10294117647058,-200.14964788732388,13.26888489208638,13.757194244604317,3470.0,-3040.0
60,2.0,0.5,2,4.0,0.75,3,0,4.0,40,0.02,1.5,True,True,1.1008811195401218,0.49390243902439024,0.8431718001225564,1.37608739899942,0.7327173169062307,5352.500000000015,0.07305,7305.0,492,240.37037037037032,-213.082329317269,10.879065040650435,14.99390243902439,3470.0,-3040.0
60,2.0,0.5,2,4.0,0.75,3,0,4.0,40,0.01,1.3,True,False,1.2393741755825887,0.4811320754716981,1.394988029945889,3.7876614886095514,2.6449392712550632,16332.500000000015,0.06175,6175.0,636,276.3480392156863,-206.75757575757572,25.680031446540905,12.584905660377359,10085.0,-3040.0
60,2.0,0.5,2,4.0,0.75,3,0,4.0,40,0.01,1.0,True,True,1.173002609241339,0.47485207100591714,0.9806360681282543,2.3622235214249803,1.598901098901106,13095.000000000058,0.0819,8190.0,676,276.59657320872293,-213.21830985915494,19.37130177514802,12.075443786982248,10085.0,-3040.0
60,2.0,0.5,2,4.0,0.75,3,0,4.0,25,0.04,1.5,False,False,1.1668272437560234,0.5,1.5319140353008762,2.6761696800630017,1.2498611882287747,11255.000000000116,0.08912753006383926,9005.0,564,279.14893617021295,-239.23758865248206,19.95567375886544,16.52482269503546,3785.0,-2575.0
60,2.0,0.5,2,4.0,0.75,3,0,4.0,40,0.02,1.3,True,True,1.2396796796796798,0.48007246376811596,1.2041877977754154,3.2740752028760722,2.4234817813765206,14965.000000000015,0.06175,6175.0,552,292.0849056603773,-217.55226480836225,27.11050724637683,13.844202898550725,10085.0,-3040.0
60,2.0,0.5,2,4.0,0.75,3,0,4.0,25,0.04,1.0,True,True,1.173002609241339,0.47485207100591714,0.9806360681282543,2.3622235214249803,1.598901098901106,13095.000000000058,0.0819,8190.0,676,276.59657320872293,-213.21830985915494,19.37130177514802,12.075443786982248,10085.0,-3040.0
60,2.0,0.5,2,4.0,0.75,3,0,4.0,25,0.04,1.5,False,True,1.0865028355387536,0.5,0.900705465320577,1.5062125865709146,0.6220772158782026,5720.000000000073,0.0910080665116049,9195.0,500,287.38000000000017,-264.4999999999999,11.440000000000136,17.816,3785.0,-2575.0
60,2.0,0.5,2,4.0,0.75,3,0,4.0,25,0.04,1.0,False,False,1.138314361830953,0.47738693467336685,1.3834474923995963,3.253619492100378,1.8786184210526506,14277.500000000146,0.07090213639332027,7600.0,796,309.21710526315815,-248.13701923076917,17.936557788944896,14.120603015075377,10680.0,-2875.0
60,2.0,0.5,2,4.0,0.75,3,0,4.0,25,0.04,1.0,False,True,1.1043679235483546,0.47953216374269003,1.0573433036757867,2.449824752436176,1.3495634654130406,10047.500000000087,0.06962173282835367,7445.0,684,324.13871951219534,-270.4213483146067,14.689327485380247,15.374269005847953,10680.0,-2875.0
60,2.0,0.5,2,4.0,0.75,3,0,4.0,40,0.01,1.5,True,False,1.129788450543168,0.4892086330935252,1.1978614863240653,1.9891779290124352,1.0175862068965558,7377.500000000029,0.0725,7250.0,556,236.10294117647058,-200.14964788732388,13.26888489208638,13.757194244604317,3470.0,-3040.0
60,2.0,0.5,2,4.0,0.75,3,0,4.0,25,0.04,1.5,True,True,1.1008811195401218,0.49390243902439024,0.8431718001225564,1.37608739899942,0.7327173169062307,5352.500000000015,0.07305,7305.0,492,240.37037037037032,-213.082329317269,10.879065040650435,14.99390243902439,3470.0,-3040.0
60,2.0,0.5,2,4.0,0.75,3,0,4.0,40,0.02,1.0,False,True,1.1053710430721335,0.47953216374269003,1.0646647818007984,2.4679411035466283,1.363666890530569,10152.500000000087,0.06962173282835367,7445.0,684,324.70274390243924,-270.64606741573033,14.842836257310058,15.426900584795321,10680.0,-2875.0
60,2.0,0.5,2,4.0,0.75,3,0,4.0,40,0.02,1.5,False,False,1.1681841735139553,0.5,1.543036502359095,2.6992220422248603,1.261521377012782,11360.000000000102,0.08912753006383926,9005.0,564,279.8049645390073,-239.52127659574452,20.14184397163138,16.588652482269502,3785.0,-2575.0
60,2.0,0.5,2,4.0,0.75,3,0,4.0,40,0.02,1.0,True,False,1.177971692455321,0.4784263959390863,1.2159563025344748,2.9127338150504603,1.8116605616605723,14837.500000000087,0.0819,8190.0,788,260.4973474801064,-202.84671532846716,18.8293147208123,10.988578680203046,10085.0,-3040.0
60,2.0,0.5,2,4.0,0.75,3,0,4.0,40,0.04,1.0,True,True,1.173002609241339,0.47485207100591714,0.9806360681282543,2.3622235214249803,1.598901098901106,13095.000000000058,0.0819,8190.0,676,276.59657320872293,-213.21830985915494,19.37130177514802,12.075443786982248,10085.0,-3040.0
60,2.0,0.5,2,4.0,0.75,3,0,4.0,25,0.02,1.5,False,True,1.0865028355387536,0.5,0.900705465320577,1.5062125865709146,0.6220772158782026,5720.000000000073,0.0910080665116049,9195.0,500,287.38000000000017,-264.4999999999999,11.440000000000136,17.816,3785.0,-2575.0
60,2.0,0.5,2,4.0,0.75,3,0,4.0,40,0.01,1.3,False,True,1.1278254563036392,0.4875,1.1874078803533064,3.031691591526871,1.4261631827376997,10575.000000000044,0.0680774880646346,7415.0,560,341.7765567765569,-288.25783972125424,18.883928571428655,16.892857142857142,10680.0,-2575.0
60,2.0,0.5,2,4.0,0.75,3,0,4.0,40,0.02,1.3,True,False,1.2393741755825887,0.4811320754716981,1.394988029945889,3.7876614886095514,2.6449392712550632,16332.500000000015,0.06175,6175.0,636,276.3480392156863,-206.75757575757572,25.680031446540905,12.584905660377359,10085.0,-3040.0
60,2.0,0.5,2,4.0,0.75,3,0,4.0,25,0.04,1.0,True,False,1.177971692455321,0.4784263959390863,1.2159563025344748,2.9127338150504603,1.8116605616605723,14837.500000000087,0.0819,8190.0,788,260.4973474801064,-202.84671532846716,18.8293147208123,10.988578680203046,10085.0,-3040.0
60,2.0,0.5,2,4.0,0.75,3,0,4.0,25,0.04,1.3,True,False,1.2393741755825887,0.4811320754716981,1.394988029945889,3.7876614886095514,2.6449392712550632,16332.500000000015,0.06175,6175.0,636,276.3480392156863,-206.75757575757572,25.680031446540905,12.584905660377359,10085.0,-3040.0
60,2.0,0.5,2,4.0,0.75,3,0,4.0,40,0.02,1.3,False,False,1.1643164056867674,0.4860248447204969,1.5041220832989886,3.9360124837541433,1.904411764705894,14245.000000000087,0.06851385390428212,7480.0,644,322.4840255591056,-261.9108761329304,22.11956521739143,15.472049689440993,10680.0,-2575.0
60,2.0,0.5,2,4.0,0.75,3,0,4.0,40,0.02,1.5,False,True,1.0879842912166764,0.5,0.9126564318669745,1.528303704507288,0.6334964654703706,5825.000000000058,0.0910080665116049,9195.0,500,288.1200000000002,-264.81999999999994,11.650000000000118,17.888,3785.0,-2575.0
60,2.0,0.5,2,4.0,0.75,3,0,4.0,40,0.01,1.3,False,False,1.1643164056867674,0.4860248447204969,1.5041220832989886,3.9360124837541433,1.904411764705894,14245.000000000087,0.06851385390428212,7480.0,644,322.4840255591056,-261.9108761329304,22.11956521739143,15.472049689440993,10680.0,-2575.0
60,2.0,0.5,2,4.0,0.75,3,0,4.0,40,0.04,1.0,True,False,1.177971692455321,0.4784263959390863,1.2159563025344748,2.9127338150504603,1.8116605616605723,14837.500000000087,0.0819,8190.0,788,260.4973474801064,-202.84671532846716,18.8293147208123,10.988578680203046,10085.0,-3040.0
60,2.0,0.5,2,4.0,0.75,3,0,4.0,40,0.04,1.0,False,False,1.139223658099803,0.47738693467336685,1.390573811792071,3.271847052280212,1.892434210526333,14382.500000000131,0.07090213639332027,7600.0,796,309.7039473684213,-248.32932692307685,18.06846733668358,14.165829145728644,10680.0,-2875.0
60,2.0,0.5,2,4.0,0.75,3,0,4.0,40,0.04,1.3,False,True,1.1278254563036392,0.4875,1.1874078803533064,3.031691591526871,1.4261631827376997,10575.000000000044,0.0680774880646346,7415.0,560,341.7765567765569,-288.25783972125424,18.883928571428655,16.892857142857142,10680.0,-2575.0
60,2.0,0.5,2,4.0,0.75,3,0,4.0,40,0.04,1.3,True,False,1.2393741755825887,0.4811320754716981,1.394988029945889,3.7876614886095514,2.6449392712550632,16332.500000000015,0.06175,6175.0,636,276.3480392156863,-206.75757575757572,25.680031446540905,12.584905660377359,10085.0,-3040.0
60,2.0,0.5,2,4.0,0.75,3,0,4.0,40,0.04,1.3,True,True,1.2396796796796798,0.48007246376811596,1.2041877977754154,3.2740752028760722,2.4234817813765206,14965.000000000015,0.06175,6175.0,552,292.0849056603773,-217.55226480836225,27.11050724637683,13.844202898550725,10085.0,-3040.0
60,2.0,0.5,2,4.0,0.75,3,0,4.0,40,0.04,1.0,False,True,1.1053710430721335,0.47953216374269003,1.0646647818007984,2.4679411035466283,1.363666890530569,10152.500000000087,0.06962173282835367,7445.0,684,324.70274390243924,-270.64606741573033,14.842836257310058,15.426900584795321,10680.0,-2875.0
